
=== Ciclo 1 ===
Estágios do Pipeline:
  IF: NOP
  ID: NOP
  EX: NOP
  MEM: NOP

Registradores:
  x 0:00000000 x 1:00000000 x 2:00000000 x 3:00000000 x 4:00000000 x 5:00000000 x 6:00000000 x 7:00000000
  x 8:00000000 x 9:00000000 x10:00000000 x11:00000000 x12:00000000 x13:00000000 x14:00000000 x15:00000000
  x16:00000000 x17:00000000 x18:00000000 x19:00000000 x20:00000000 x21:00000000 x22:00000000 x23:00000000
  x24:00000000 x25:00000000 x26:00000000 x27:00000000 x28:00000000 x29:00000000 x30:00000000 x31:00000000

Memória (posições preenchidas):
  00000000: 00a00093
  00000004: 01400113
  00000008: 002081b3
  0000000c: 40118233
  00000010: 0021f2b3
  00000014: 0020e333
  00000018: 10000393
  0000001c: 0033a023
  00000020: 0003a403
  00000024: 00300493
  00000028: fff48493
  0000002c: fe049ee3
  00000030: 00000063


=== Ciclo 2 ===
Estágios do Pipeline:
  IF: NOP
  ID: NOP
  EX: NOP
  MEM: NOP

Registradores:
  x 0:00000000 x 1:00000000 x 2:00000000 x 3:00000000 x 4:00000000 x 5:00000000 x 6:00000000 x 7:00000000
  x 8:00000000 x 9:00000000 x10:00000000 x11:00000000 x12:00000000 x13:00000000 x14:00000000 x15:00000000
  x16:00000000 x17:00000000 x18:00000000 x19:00000000 x20:00000000 x21:00000000 x22:00000000 x23:00000000
  x24:00000000 x25:00000000 x26:00000000 x27:00000000 x28:00000000 x29:00000000 x30:00000000 x31:00000000

Memória (posições preenchidas):
  00000000: 00a00093
  00000004: 01400113
  00000008: 002081b3
  0000000c: 40118233
  00000010: 0021f2b3
  00000014: 0020e333
  00000018: 10000393
  0000001c: 0033a023
  00000020: 0003a403
  00000024: 00300493
  00000028: fff48493
  0000002c: fe049ee3
  00000030: 00000063


=== Ciclo 3 ===
Estágios do Pipeline:
  IF: NOP
  ID: ADDI
  EX: NOP
  MEM: NOP

Registradores:
  x 0:00000000 x 1:00000000 x 2:00000000 x 3:00000000 x 4:00000000 x 5:00000000 x 6:00000000 x 7:00000000
  x 8:00000000 x 9:00000000 x10:00000000 x11:00000000 x12:00000000 x13:00000000 x14:00000000 x15:00000000
  x16:00000000 x17:00000000 x18:00000000 x19:00000000 x20:00000000 x21:00000000 x22:00000000 x23:00000000
  x24:00000000 x25:00000000 x26:00000000 x27:00000000 x28:00000000 x29:00000000 x30:00000000 x31:00000000

Memória (posições preenchidas):
  00000000: 00a00093
  00000004: 01400113
  00000008: 002081b3
  0000000c: 40118233
  00000010: 0021f2b3
  00000014: 0020e333
  00000018: 10000393
  0000001c: 0033a023
  00000020: 0003a403
  00000024: 00300493
  00000028: fff48493
  0000002c: fe049ee3
  00000030: 00000063


=== Ciclo 4 ===
Estágios do Pipeline:
  IF: NOP
  ID: ADDI
  EX: ADDI
  MEM: NOP

Registradores:
  x 0:00000000 x 1:00000000 x 2:00000000 x 3:00000000 x 4:00000000 x 5:00000000 x 6:00000000 x 7:00000000
  x 8:00000000 x 9:00000000 x10:00000000 x11:00000000 x12:00000000 x13:00000000 x14:00000000 x15:00000000
  x16:00000000 x17:00000000 x18:00000000 x19:00000000 x20:00000000 x21:00000000 x22:00000000 x23:00000000
  x24:00000000 x25:00000000 x26:00000000 x27:00000000 x28:00000000 x29:00000000 x30:00000000 x31:00000000

Memória (posições preenchidas):
  00000000: 00a00093
  00000004: 01400113
  00000008: 002081b3
  0000000c: 40118233
  00000010: 0021f2b3
  00000014: 0020e333
  00000018: 10000393
  0000001c: 0033a023
  00000020: 0003a403
  00000024: 00300493
  00000028: fff48493
  0000002c: fe049ee3
  00000030: 00000063


=== Ciclo 5 ===
Estágios do Pipeline:
  IF: NOP
  ID: ADD
  EX: ADDI
  MEM: ADDI

Registradores:
  x 0:00000000 x 1:00000000 x 2:00000000 x 3:00000000 x 4:00000000 x 5:00000000 x 6:00000000 x 7:00000000
  x 8:00000000 x 9:00000000 x10:00000000 x11:00000000 x12:00000000 x13:00000000 x14:00000000 x15:00000000
  x16:00000000 x17:00000000 x18:00000000 x19:00000000 x20:00000000 x21:00000000 x22:00000000 x23:00000000
  x24:00000000 x25:00000000 x26:00000000 x27:00000000 x28:00000000 x29:00000000 x30:00000000 x31:00000000

Memória (posições preenchidas):
  00000000: 00a00093
  00000004: 01400113
  00000008: 002081b3
  0000000c: 40118233
  00000010: 0021f2b3
  00000014: 0020e333
  00000018: 10000393
  0000001c: 0033a023
  00000020: 0003a403
  00000024: 00300493
  00000028: fff48493
  0000002c: fe049ee3
  00000030: 00000063


=== Ciclo 6 ===
Estágios do Pipeline:
  IF: NOP
  ID: SUB
  EX: ADD
  MEM: ADDI

Registradores:
  x 0:00000000 x 1:0000000a x 2:00000000 x 3:00000000 x 4:00000000 x 5:00000000 x 6:00000000 x 7:00000000
  x 8:00000000 x 9:00000000 x10:00000000 x11:00000000 x12:00000000 x13:00000000 x14:00000000 x15:00000000
  x16:00000000 x17:00000000 x18:00000000 x19:00000000 x20:00000000 x21:00000000 x22:00000000 x23:00000000
  x24:00000000 x25:00000000 x26:00000000 x27:00000000 x28:00000000 x29:00000000 x30:00000000 x31:00000000

Memória (posições preenchidas):
  00000000: 00a00093
  00000004: 01400113
  00000008: 002081b3
  0000000c: 40118233
  00000010: 0021f2b3
  00000014: 0020e333
  00000018: 10000393
  0000001c: 0033a023
  00000020: 0003a403
  00000024: 00300493
  00000028: fff48493
  0000002c: fe049ee3
  00000030: 00000063


=== Ciclo 7 ===
Estágios do Pipeline:
  IF: NOP
  ID: AND
  EX: SUB
  MEM: ADD

Registradores:
  x 0:00000000 x 1:0000000a x 2:00000014 x 3:00000000 x 4:00000000 x 5:00000000 x 6:00000000 x 7:00000000
  x 8:00000000 x 9:00000000 x10:00000000 x11:00000000 x12:00000000 x13:00000000 x14:00000000 x15:00000000
  x16:00000000 x17:00000000 x18:00000000 x19:00000000 x20:00000000 x21:00000000 x22:00000000 x23:00000000
  x24:00000000 x25:00000000 x26:00000000 x27:00000000 x28:00000000 x29:00000000 x30:00000000 x31:00000000

Memória (posições preenchidas):
  00000000: 00a00093
  00000004: 01400113
  00000008: 002081b3
  0000000c: 40118233
  00000010: 0021f2b3
  00000014: 0020e333
  00000018: 10000393
  0000001c: 0033a023
  00000020: 0003a403
  00000024: 00300493
  00000028: fff48493
  0000002c: fe049ee3
  00000030: 00000063


=== Ciclo 8 ===
Estágios do Pipeline:
  IF: NOP
  ID: OR
  EX: AND
  MEM: SUB

Registradores:
  x 0:00000000 x 1:0000000a x 2:00000014 x 3:0000001e x 4:00000000 x 5:00000000 x 6:00000000 x 7:00000000
  x 8:00000000 x 9:00000000 x10:00000000 x11:00000000 x12:00000000 x13:00000000 x14:00000000 x15:00000000
  x16:00000000 x17:00000000 x18:00000000 x19:00000000 x20:00000000 x21:00000000 x22:00000000 x23:00000000
  x24:00000000 x25:00000000 x26:00000000 x27:00000000 x28:00000000 x29:00000000 x30:00000000 x31:00000000

Memória (posições preenchidas):
  00000000: 00a00093
  00000004: 01400113
  00000008: 002081b3
  0000000c: 40118233
  00000010: 0021f2b3
  00000014: 0020e333
  00000018: 10000393
  0000001c: 0033a023
  00000020: 0003a403
  00000024: 00300493
  00000028: fff48493
  0000002c: fe049ee3
  00000030: 00000063


=== Ciclo 9 ===
Estágios do Pipeline:
  IF: NOP
  ID: ADDI
  EX: OR
  MEM: AND

Registradores:
  x 0:00000000 x 1:0000000a x 2:00000014 x 3:0000001e x 4:00000014 x 5:00000000 x 6:00000000 x 7:00000000
  x 8:00000000 x 9:00000000 x10:00000000 x11:00000000 x12:00000000 x13:00000000 x14:00000000 x15:00000000
  x16:00000000 x17:00000000 x18:00000000 x19:00000000 x20:00000000 x21:00000000 x22:00000000 x23:00000000
  x24:00000000 x25:00000000 x26:00000000 x27:00000000 x28:00000000 x29:00000000 x30:00000000 x31:00000000

Memória (posições preenchidas):
  00000000: 00a00093
  00000004: 01400113
  00000008: 002081b3
  0000000c: 40118233
  00000010: 0021f2b3
  00000014: 0020e333
  00000018: 10000393
  0000001c: 0033a023
  00000020: 0003a403
  00000024: 00300493
  00000028: fff48493
  0000002c: fe049ee3
  00000030: 00000063


=== Ciclo 10 ===
Estágios do Pipeline:
  IF: NOP
  ID: SW
  EX: ADDI
  MEM: OR

Registradores:
  x 0:00000000 x 1:0000000a x 2:00000014 x 3:0000001e x 4:00000014 x 5:00000014 x 6:00000000 x 7:00000000
  x 8:00000000 x 9:00000000 x10:00000000 x11:00000000 x12:00000000 x13:00000000 x14:00000000 x15:00000000
  x16:00000000 x17:00000000 x18:00000000 x19:00000000 x20:00000000 x21:00000000 x22:00000000 x23:00000000
  x24:00000000 x25:00000000 x26:00000000 x27:00000000 x28:00000000 x29:00000000 x30:00000000 x31:00000000

Memória (posições preenchidas):
  00000000: 00a00093
  00000004: 01400113
  00000008: 002081b3
  0000000c: 40118233
  00000010: 0021f2b3
  00000014: 0020e333
  00000018: 10000393
  0000001c: 0033a023
  00000020: 0003a403
  00000024: 00300493
  00000028: fff48493
  0000002c: fe049ee3
  00000030: 00000063


=== Ciclo 11 ===
Estágios do Pipeline:
  IF: NOP
  ID: LW
  EX: SW
  MEM: ADDI

Registradores:
  x 0:00000000 x 1:0000000a x 2:00000014 x 3:0000001e x 4:00000014 x 5:00000014 x 6:0000001e x 7:00000000
  x 8:00000000 x 9:00000000 x10:00000000 x11:00000000 x12:00000000 x13:00000000 x14:00000000 x15:00000000
  x16:00000000 x17:00000000 x18:00000000 x19:00000000 x20:00000000 x21:00000000 x22:00000000 x23:00000000
  x24:00000000 x25:00000000 x26:00000000 x27:00000000 x28:00000000 x29:00000000 x30:00000000 x31:00000000

Memória (posições preenchidas):
  00000000: 00a00093
  00000004: 01400113
  00000008: 002081b3
  0000000c: 40118233
  00000010: 0021f2b3
  00000014: 0020e333
  00000018: 10000393
  0000001c: 0033a023
  00000020: 0003a403
  00000024: 00300493
  00000028: fff48493
  0000002c: fe049ee3
  00000030: 00000063


=== Ciclo 12 ===
Estágios do Pipeline:
  IF: NOP
  ID: ADDI
  EX: LW
  MEM: SW

Registradores:
  x 0:00000000 x 1:0000000a x 2:00000014 x 3:0000001e x 4:00000014 x 5:00000014 x 6:0000001e x 7:00000100
  x 8:00000000 x 9:00000000 x10:00000000 x11:00000000 x12:00000000 x13:00000000 x14:00000000 x15:00000000
  x16:00000000 x17:00000000 x18:00000000 x19:00000000 x20:00000000 x21:00000000 x22:00000000 x23:00000000
  x24:00000000 x25:00000000 x26:00000000 x27:00000000 x28:00000000 x29:00000000 x30:00000000 x31:00000000

Memória (posições preenchidas):
  00000000: 00a00093
  00000004: 01400113
  00000008: 002081b3
  0000000c: 40118233
  00000010: 0021f2b3
  00000014: 0020e333
  00000018: 10000393
  0000001c: 0033a023
  00000020: 0003a403
  00000024: 00300493
  00000028: fff48493
  0000002c: fe049ee3
  00000030: 00000063
  00000100: 0000001e


=== Ciclo 13 ===
Estágios do Pipeline:
  IF: NOP
  ID: ADDI
  EX: ADDI
  MEM: LW

Registradores:
  x 0:00000000 x 1:0000000a x 2:00000014 x 3:0000001e x 4:00000014 x 5:00000014 x 6:0000001e x 7:00000100
  x 8:00000000 x 9:00000000 x10:00000000 x11:00000000 x12:00000000 x13:00000000 x14:00000000 x15:00000000
  x16:00000000 x17:00000000 x18:00000000 x19:00000000 x20:00000000 x21:00000000 x22:00000000 x23:00000000
  x24:00000000 x25:00000000 x26:00000000 x27:00000000 x28:00000000 x29:00000000 x30:00000000 x31:00000000

Memória (posições preenchidas):
  00000000: 00a00093
  00000004: 01400113
  00000008: 002081b3
  0000000c: 40118233
  00000010: 0021f2b3
  00000014: 0020e333
  00000018: 10000393
  0000001c: 0033a023
  00000020: 0003a403
  00000024: 00300493
  00000028: fff48493
  0000002c: fe049ee3
  00000030: 00000063
  00000100: 0000001e


=== Ciclo 14 ===
Estágios do Pipeline:
  IF: NOP
  ID: BNE
  EX: ADDI
  MEM: ADDI

Registradores:
  x 0:00000000 x 1:0000000a x 2:00000014 x 3:0000001e x 4:00000014 x 5:00000014 x 6:0000001e x 7:00000100
  x 8:0000001e x 9:00000000 x10:00000000 x11:00000000 x12:00000000 x13:00000000 x14:00000000 x15:00000000
  x16:00000000 x17:00000000 x18:00000000 x19:00000000 x20:00000000 x21:00000000 x22:00000000 x23:00000000
  x24:00000000 x25:00000000 x26:00000000 x27:00000000 x28:00000000 x29:00000000 x30:00000000 x31:00000000

Memória (posições preenchidas):
  00000000: 00a00093
  00000004: 01400113
  00000008: 002081b3
  0000000c: 40118233
  00000010: 0021f2b3
  00000014: 0020e333
  00000018: 10000393
  0000001c: 0033a023
  00000020: 0003a403
  00000024: 00300493
  00000028: fff48493
  0000002c: fe049ee3
  00000030: 00000063
  00000100: 0000001e


=== Ciclo 15 ===
Estágios do Pipeline:
  IF: NOP
  ID: NOP
  EX: BNE
  MEM: ADDI

Registradores:
  x 0:00000000 x 1:0000000a x 2:00000014 x 3:0000001e x 4:00000014 x 5:00000014 x 6:0000001e x 7:00000100
  x 8:0000001e x 9:00000003 x10:00000000 x11:00000000 x12:00000000 x13:00000000 x14:00000000 x15:00000000
  x16:00000000 x17:00000000 x18:00000000 x19:00000000 x20:00000000 x21:00000000 x22:00000000 x23:00000000
  x24:00000000 x25:00000000 x26:00000000 x27:00000000 x28:00000000 x29:00000000 x30:00000000 x31:00000000

Memória (posições preenchidas):
  00000000: 00a00093
  00000004: 01400113
  00000008: 002081b3
  0000000c: 40118233
  00000010: 0021f2b3
  00000014: 0020e333
  00000018: 10000393
  0000001c: 0033a023
  00000020: 0003a403
  00000024: 00300493
  00000028: fff48493
  0000002c: fe049ee3
  00000030: 00000063
  00000100: 0000001e


=== Ciclo 16 ===
Estágios do Pipeline:
  IF: NOP
  ID: NOP
  EX: NOP
  MEM: BNE

Registradores:
  x 0:00000000 x 1:0000000a x 2:00000014 x 3:0000001e x 4:00000014 x 5:00000014 x 6:0000001e x 7:00000100
  x 8:0000001e x 9:00000002 x10:00000000 x11:00000000 x12:00000000 x13:00000000 x14:00000000 x15:00000000
  x16:00000000 x17:00000000 x18:00000000 x19:00000000 x20:00000000 x21:00000000 x22:00000000 x23:00000000
  x24:00000000 x25:00000000 x26:00000000 x27:00000000 x28:00000000 x29:00000000 x30:00000000 x31:00000000

Memória (posições preenchidas):
  00000000: 00a00093
  00000004: 01400113
  00000008: 002081b3
  0000000c: 40118233
  00000010: 0021f2b3
  00000014: 0020e333
  00000018: 10000393
  0000001c: 0033a023
  00000020: 0003a403
  00000024: 00300493
  00000028: fff48493
  0000002c: fe049ee3
  00000030: 00000063
  00000100: 0000001e


=== Ciclo 17 ===
Estágios do Pipeline:
  IF: NOP
  ID: BNE
  EX: NOP
  MEM: NOP

Registradores:
  x 0:00000000 x 1:0000000a x 2:00000014 x 3:0000001e x 4:00000014 x 5:00000014 x 6:0000001e x 7:00000100
  x 8:0000001e x 9:00000002 x10:00000000 x11:00000000 x12:00000000 x13:00000000 x14:00000000 x15:00000000
  x16:00000000 x17:00000000 x18:00000000 x19:00000000 x20:00000000 x21:00000000 x22:00000000 x23:00000000
  x24:00000000 x25:00000000 x26:00000000 x27:00000000 x28:00000000 x29:00000000 x30:00000000 x31:00000000

Memória (posições preenchidas):
  00000000: 00a00093
  00000004: 01400113
  00000008: 002081b3
  0000000c: 40118233
  00000010: 0021f2b3
  00000014: 0020e333
  00000018: 10000393
  0000001c: 0033a023
  00000020: 0003a403
  00000024: 00300493
  00000028: fff48493
  0000002c: fe049ee3
  00000030: 00000063
  00000100: 0000001e


=== Ciclo 18 ===
Estágios do Pipeline:
  IF: NOP
  ID: NOP
  EX: BNE
  MEM: NOP

Registradores:
  x 0:00000000 x 1:0000000a x 2:00000014 x 3:0000001e x 4:00000014 x 5:00000014 x 6:0000001e x 7:00000100
  x 8:0000001e x 9:00000002 x10:00000000 x11:00000000 x12:00000000 x13:00000000 x14:00000000 x15:00000000
  x16:00000000 x17:00000000 x18:00000000 x19:00000000 x20:00000000 x21:00000000 x22:00000000 x23:00000000
  x24:00000000 x25:00000000 x26:00000000 x27:00000000 x28:00000000 x29:00000000 x30:00000000 x31:00000000

Memória (posições preenchidas):
  00000000: 00a00093
  00000004: 01400113
  00000008: 002081b3
  0000000c: 40118233
  00000010: 0021f2b3
  00000014: 0020e333
  00000018: 10000393
  0000001c: 0033a023
  00000020: 0003a403
  00000024: 00300493
  00000028: fff48493
  0000002c: fe049ee3
  00000030: 00000063
  00000100: 0000001e


=== Ciclo 19 ===
Estágios do Pipeline:
  IF: NOP
  ID: NOP
  EX: NOP
  MEM: BNE

Registradores:
  x 0:00000000 x 1:0000000a x 2:00000014 x 3:0000001e x 4:00000014 x 5:00000014 x 6:0000001e x 7:00000100
  x 8:0000001e x 9:00000002 x10:00000000 x11:00000000 x12:00000000 x13:00000000 x14:00000000 x15:00000000
  x16:00000000 x17:00000000 x18:00000000 x19:00000000 x20:00000000 x21:00000000 x22:00000000 x23:00000000
  x24:00000000 x25:00000000 x26:00000000 x27:00000000 x28:00000000 x29:00000000 x30:00000000 x31:00000000

Memória (posições preenchidas):
  00000000: 00a00093
  00000004: 01400113
  00000008: 002081b3
  0000000c: 40118233
  00000010: 0021f2b3
  00000014: 0020e333
  00000018: 10000393
  0000001c: 0033a023
  00000020: 0003a403
  00000024: 00300493
  00000028: fff48493
  0000002c: fe049ee3
  00000030: 00000063
  00000100: 0000001e


=== Ciclo 20 ===
Estágios do Pipeline:
  IF: NOP
  ID: BNE
  EX: NOP
  MEM: NOP

Registradores:
  x 0:00000000 x 1:0000000a x 2:00000014 x 3:0000001e x 4:00000014 x 5:00000014 x 6:0000001e x 7:00000100
  x 8:0000001e x 9:00000002 x10:00000000 x11:00000000 x12:00000000 x13:00000000 x14:00000000 x15:00000000
  x16:00000000 x17:00000000 x18:00000000 x19:00000000 x20:00000000 x21:00000000 x22:00000000 x23:00000000
  x24:00000000 x25:00000000 x26:00000000 x27:00000000 x28:00000000 x29:00000000 x30:00000000 x31:00000000

Memória (posições preenchidas):
  00000000: 00a00093
  00000004: 01400113
  00000008: 002081b3
  0000000c: 40118233
  00000010: 0021f2b3
  00000014: 0020e333
  00000018: 10000393
  0000001c: 0033a023
  00000020: 0003a403
  00000024: 00300493
  00000028: fff48493
  0000002c: fe049ee3
  00000030: 00000063
  00000100: 0000001e


=== Ciclo 21 ===
Estágios do Pipeline:
  IF: NOP
  ID: NOP
  EX: BNE
  MEM: NOP

Registradores:
  x 0:00000000 x 1:0000000a x 2:00000014 x 3:0000001e x 4:00000014 x 5:00000014 x 6:0000001e x 7:00000100
  x 8:0000001e x 9:00000002 x10:00000000 x11:00000000 x12:00000000 x13:00000000 x14:00000000 x15:00000000
  x16:00000000 x17:00000000 x18:00000000 x19:00000000 x20:00000000 x21:00000000 x22:00000000 x23:00000000
  x24:00000000 x25:00000000 x26:00000000 x27:00000000 x28:00000000 x29:00000000 x30:00000000 x31:00000000

Memória (posições preenchidas):
  00000000: 00a00093
  00000004: 01400113
  00000008: 002081b3
  0000000c: 40118233
  00000010: 0021f2b3
  00000014: 0020e333
  00000018: 10000393
  0000001c: 0033a023
  00000020: 0003a403
  00000024: 00300493
  00000028: fff48493
  0000002c: fe049ee3
  00000030: 00000063
  00000100: 0000001e


=== Ciclo 22 ===
Estágios do Pipeline:
  IF: NOP
  ID: NOP
  EX: NOP
  MEM: BNE

Registradores:
  x 0:00000000 x 1:0000000a x 2:00000014 x 3:0000001e x 4:00000014 x 5:00000014 x 6:0000001e x 7:00000100
  x 8:0000001e x 9:00000002 x10:00000000 x11:00000000 x12:00000000 x13:00000000 x14:00000000 x15:00000000
  x16:00000000 x17:00000000 x18:00000000 x19:00000000 x20:00000000 x21:00000000 x22:00000000 x23:00000000
  x24:00000000 x25:00000000 x26:00000000 x27:00000000 x28:00000000 x29:00000000 x30:00000000 x31:00000000

Memória (posições preenchidas):
  00000000: 00a00093
  00000004: 01400113
  00000008: 002081b3
  0000000c: 40118233
  00000010: 0021f2b3
  00000014: 0020e333
  00000018: 10000393
  0000001c: 0033a023
  00000020: 0003a403
  00000024: 00300493
  00000028: fff48493
  0000002c: fe049ee3
  00000030: 00000063
  00000100: 0000001e


=== Ciclo 23 ===
Estágios do Pipeline:
  IF: NOP
  ID: BNE
  EX: NOP
  MEM: NOP

Registradores:
  x 0:00000000 x 1:0000000a x 2:00000014 x 3:0000001e x 4:00000014 x 5:00000014 x 6:0000001e x 7:00000100
  x 8:0000001e x 9:00000002 x10:00000000 x11:00000000 x12:00000000 x13:00000000 x14:00000000 x15:00000000
  x16:00000000 x17:00000000 x18:00000000 x19:00000000 x20:00000000 x21:00000000 x22:00000000 x23:00000000
  x24:00000000 x25:00000000 x26:00000000 x27:00000000 x28:00000000 x29:00000000 x30:00000000 x31:00000000

Memória (posições preenchidas):
  00000000: 00a00093
  00000004: 01400113
  00000008: 002081b3
  0000000c: 40118233
  00000010: 0021f2b3
  00000014: 0020e333
  00000018: 10000393
  0000001c: 0033a023
  00000020: 0003a403
  00000024: 00300493
  00000028: fff48493
  0000002c: fe049ee3
  00000030: 00000063
  00000100: 0000001e


=== Ciclo 24 ===
Estágios do Pipeline:
  IF: NOP
  ID: NOP
  EX: BNE
  MEM: NOP

Registradores:
  x 0:00000000 x 1:0000000a x 2:00000014 x 3:0000001e x 4:00000014 x 5:00000014 x 6:0000001e x 7:00000100
  x 8:0000001e x 9:00000002 x10:00000000 x11:00000000 x12:00000000 x13:00000000 x14:00000000 x15:00000000
  x16:00000000 x17:00000000 x18:00000000 x19:00000000 x20:00000000 x21:00000000 x22:00000000 x23:00000000
  x24:00000000 x25:00000000 x26:00000000 x27:00000000 x28:00000000 x29:00000000 x30:00000000 x31:00000000

Memória (posições preenchidas):
  00000000: 00a00093
  00000004: 01400113
  00000008: 002081b3
  0000000c: 40118233
  00000010: 0021f2b3
  00000014: 0020e333
  00000018: 10000393
  0000001c: 0033a023
  00000020: 0003a403
  00000024: 00300493
  00000028: fff48493
  0000002c: fe049ee3
  00000030: 00000063
  00000100: 0000001e


=== Ciclo 25 ===
Estágios do Pipeline:
  IF: NOP
  ID: NOP
  EX: NOP
  MEM: BNE

Registradores:
  x 0:00000000 x 1:0000000a x 2:00000014 x 3:0000001e x 4:00000014 x 5:00000014 x 6:0000001e x 7:00000100
  x 8:0000001e x 9:00000002 x10:00000000 x11:00000000 x12:00000000 x13:00000000 x14:00000000 x15:00000000
  x16:00000000 x17:00000000 x18:00000000 x19:00000000 x20:00000000 x21:00000000 x22:00000000 x23:00000000
  x24:00000000 x25:00000000 x26:00000000 x27:00000000 x28:00000000 x29:00000000 x30:00000000 x31:00000000

Memória (posições preenchidas):
  00000000: 00a00093
  00000004: 01400113
  00000008: 002081b3
  0000000c: 40118233
  00000010: 0021f2b3
  00000014: 0020e333
  00000018: 10000393
  0000001c: 0033a023
  00000020: 0003a403
  00000024: 00300493
  00000028: fff48493
  0000002c: fe049ee3
  00000030: 00000063
  00000100: 0000001e


=== Ciclo 26 ===
Estágios do Pipeline:
  IF: NOP
  ID: BNE
  EX: NOP
  MEM: NOP

Registradores:
  x 0:00000000 x 1:0000000a x 2:00000014 x 3:0000001e x 4:00000014 x 5:00000014 x 6:0000001e x 7:00000100
  x 8:0000001e x 9:00000002 x10:00000000 x11:00000000 x12:00000000 x13:00000000 x14:00000000 x15:00000000
  x16:00000000 x17:00000000 x18:00000000 x19:00000000 x20:00000000 x21:00000000 x22:00000000 x23:00000000
  x24:00000000 x25:00000000 x26:00000000 x27:00000000 x28:00000000 x29:00000000 x30:00000000 x31:00000000

Memória (posições preenchidas):
  00000000: 00a00093
  00000004: 01400113
  00000008: 002081b3
  0000000c: 40118233
  00000010: 0021f2b3
  00000014: 0020e333
  00000018: 10000393
  0000001c: 0033a023
  00000020: 0003a403
  00000024: 00300493
  00000028: fff48493
  0000002c: fe049ee3
  00000030: 00000063
  00000100: 0000001e


=== Ciclo 27 ===
Estágios do Pipeline:
  IF: NOP
  ID: NOP
  EX: BNE
  MEM: NOP

Registradores:
  x 0:00000000 x 1:0000000a x 2:00000014 x 3:0000001e x 4:00000014 x 5:00000014 x 6:0000001e x 7:00000100
  x 8:0000001e x 9:00000002 x10:00000000 x11:00000000 x12:00000000 x13:00000000 x14:00000000 x15:00000000
  x16:00000000 x17:00000000 x18:00000000 x19:00000000 x20:00000000 x21:00000000 x22:00000000 x23:00000000
  x24:00000000 x25:00000000 x26:00000000 x27:00000000 x28:00000000 x29:00000000 x30:00000000 x31:00000000

Memória (posições preenchidas):
  00000000: 00a00093
  00000004: 01400113
  00000008: 002081b3
  0000000c: 40118233
  00000010: 0021f2b3
  00000014: 0020e333
  00000018: 10000393
  0000001c: 0033a023
  00000020: 0003a403
  00000024: 00300493
  00000028: fff48493
  0000002c: fe049ee3
  00000030: 00000063
  00000100: 0000001e


=== Ciclo 28 ===
Estágios do Pipeline:
  IF: NOP
  ID: NOP
  EX: NOP
  MEM: BNE

Registradores:
  x 0:00000000 x 1:0000000a x 2:00000014 x 3:0000001e x 4:00000014 x 5:00000014 x 6:0000001e x 7:00000100
  x 8:0000001e x 9:00000002 x10:00000000 x11:00000000 x12:00000000 x13:00000000 x14:00000000 x15:00000000
  x16:00000000 x17:00000000 x18:00000000 x19:00000000 x20:00000000 x21:00000000 x22:00000000 x23:00000000
  x24:00000000 x25:00000000 x26:00000000 x27:00000000 x28:00000000 x29:00000000 x30:00000000 x31:00000000

Memória (posições preenchidas):
  00000000: 00a00093
  00000004: 01400113
  00000008: 002081b3
  0000000c: 40118233
  00000010: 0021f2b3
  00000014: 0020e333
  00000018: 10000393
  0000001c: 0033a023
  00000020: 0003a403
  00000024: 00300493
  00000028: fff48493
  0000002c: fe049ee3
  00000030: 00000063
  00000100: 0000001e


=== Ciclo 29 ===
Estágios do Pipeline:
  IF: NOP
  ID: BNE
  EX: NOP
  MEM: NOP

Registradores:
  x 0:00000000 x 1:0000000a x 2:00000014 x 3:0000001e x 4:00000014 x 5:00000014 x 6:0000001e x 7:00000100
  x 8:0000001e x 9:00000002 x10:00000000 x11:00000000 x12:00000000 x13:00000000 x14:00000000 x15:00000000
  x16:00000000 x17:00000000 x18:00000000 x19:00000000 x20:00000000 x21:00000000 x22:00000000 x23:00000000
  x24:00000000 x25:00000000 x26:00000000 x27:00000000 x28:00000000 x29:00000000 x30:00000000 x31:00000000

Memória (posições preenchidas):
  00000000: 00a00093
  00000004: 01400113
  00000008: 002081b3
  0000000c: 40118233
  00000010: 0021f2b3
  00000014: 0020e333
  00000018: 10000393
  0000001c: 0033a023
  00000020: 0003a403
  00000024: 00300493
  00000028: fff48493
  0000002c: fe049ee3
  00000030: 00000063
  00000100: 0000001e


=== Ciclo 30 ===
Estágios do Pipeline:
  IF: NOP
  ID: NOP
  EX: BNE
  MEM: NOP

Registradores:
  x 0:00000000 x 1:0000000a x 2:00000014 x 3:0000001e x 4:00000014 x 5:00000014 x 6:0000001e x 7:00000100
  x 8:0000001e x 9:00000002 x10:00000000 x11:00000000 x12:00000000 x13:00000000 x14:00000000 x15:00000000
  x16:00000000 x17:00000000 x18:00000000 x19:00000000 x20:00000000 x21:00000000 x22:00000000 x23:00000000
  x24:00000000 x25:00000000 x26:00000000 x27:00000000 x28:00000000 x29:00000000 x30:00000000 x31:00000000

Memória (posições preenchidas):
  00000000: 00a00093
  00000004: 01400113
  00000008: 002081b3
  0000000c: 40118233
  00000010: 0021f2b3
  00000014: 0020e333
  00000018: 10000393
  0000001c: 0033a023
  00000020: 0003a403
  00000024: 00300493
  00000028: fff48493
  0000002c: fe049ee3
  00000030: 00000063
  00000100: 0000001e


=== Ciclo 31 ===
Estágios do Pipeline:
  IF: NOP
  ID: NOP
  EX: NOP
  MEM: BNE

Registradores:
  x 0:00000000 x 1:0000000a x 2:00000014 x 3:0000001e x 4:00000014 x 5:00000014 x 6:0000001e x 7:00000100
  x 8:0000001e x 9:00000002 x10:00000000 x11:00000000 x12:00000000 x13:00000000 x14:00000000 x15:00000000
  x16:00000000 x17:00000000 x18:00000000 x19:00000000 x20:00000000 x21:00000000 x22:00000000 x23:00000000
  x24:00000000 x25:00000000 x26:00000000 x27:00000000 x28:00000000 x29:00000000 x30:00000000 x31:00000000

Memória (posições preenchidas):
  00000000: 00a00093
  00000004: 01400113
  00000008: 002081b3
  0000000c: 40118233
  00000010: 0021f2b3
  00000014: 0020e333
  00000018: 10000393
  0000001c: 0033a023
  00000020: 0003a403
  00000024: 00300493
  00000028: fff48493
  0000002c: fe049ee3
  00000030: 00000063
  00000100: 0000001e


=== Ciclo 32 ===
Estágios do Pipeline:
  IF: NOP
  ID: BNE
  EX: NOP
  MEM: NOP

Registradores:
  x 0:00000000 x 1:0000000a x 2:00000014 x 3:0000001e x 4:00000014 x 5:00000014 x 6:0000001e x 7:00000100
  x 8:0000001e x 9:00000002 x10:00000000 x11:00000000 x12:00000000 x13:00000000 x14:00000000 x15:00000000
  x16:00000000 x17:00000000 x18:00000000 x19:00000000 x20:00000000 x21:00000000 x22:00000000 x23:00000000
  x24:00000000 x25:00000000 x26:00000000 x27:00000000 x28:00000000 x29:00000000 x30:00000000 x31:00000000

Memória (posições preenchidas):
  00000000: 00a00093
  00000004: 01400113
  00000008: 002081b3
  0000000c: 40118233
  00000010: 0021f2b3
  00000014: 0020e333
  00000018: 10000393
  0000001c: 0033a023
  00000020: 0003a403
  00000024: 00300493
  00000028: fff48493
  0000002c: fe049ee3
  00000030: 00000063
  00000100: 0000001e


=== Ciclo 33 ===
Estágios do Pipeline:
  IF: NOP
  ID: NOP
  EX: BNE
  MEM: NOP

Registradores:
  x 0:00000000 x 1:0000000a x 2:00000014 x 3:0000001e x 4:00000014 x 5:00000014 x 6:0000001e x 7:00000100
  x 8:0000001e x 9:00000002 x10:00000000 x11:00000000 x12:00000000 x13:00000000 x14:00000000 x15:00000000
  x16:00000000 x17:00000000 x18:00000000 x19:00000000 x20:00000000 x21:00000000 x22:00000000 x23:00000000
  x24:00000000 x25:00000000 x26:00000000 x27:00000000 x28:00000000 x29:00000000 x30:00000000 x31:00000000

Memória (posições preenchidas):
  00000000: 00a00093
  00000004: 01400113
  00000008: 002081b3
  0000000c: 40118233
  00000010: 0021f2b3
  00000014: 0020e333
  00000018: 10000393
  0000001c: 0033a023
  00000020: 0003a403
  00000024: 00300493
  00000028: fff48493
  0000002c: fe049ee3
  00000030: 00000063
  00000100: 0000001e


=== Ciclo 34 ===
Estágios do Pipeline:
  IF: NOP
  ID: NOP
  EX: NOP
  MEM: BNE

Registradores:
  x 0:00000000 x 1:0000000a x 2:00000014 x 3:0000001e x 4:00000014 x 5:00000014 x 6:0000001e x 7:00000100
  x 8:0000001e x 9:00000002 x10:00000000 x11:00000000 x12:00000000 x13:00000000 x14:00000000 x15:00000000
  x16:00000000 x17:00000000 x18:00000000 x19:00000000 x20:00000000 x21:00000000 x22:00000000 x23:00000000
  x24:00000000 x25:00000000 x26:00000000 x27:00000000 x28:00000000 x29:00000000 x30:00000000 x31:00000000

Memória (posições preenchidas):
  00000000: 00a00093
  00000004: 01400113
  00000008: 002081b3
  0000000c: 40118233
  00000010: 0021f2b3
  00000014: 0020e333
  00000018: 10000393
  0000001c: 0033a023
  00000020: 0003a403
  00000024: 00300493
  00000028: fff48493
  0000002c: fe049ee3
  00000030: 00000063
  00000100: 0000001e


=== Ciclo 35 ===
Estágios do Pipeline:
  IF: NOP
  ID: BNE
  EX: NOP
  MEM: NOP

Registradores:
  x 0:00000000 x 1:0000000a x 2:00000014 x 3:0000001e x 4:00000014 x 5:00000014 x 6:0000001e x 7:00000100
  x 8:0000001e x 9:00000002 x10:00000000 x11:00000000 x12:00000000 x13:00000000 x14:00000000 x15:00000000
  x16:00000000 x17:00000000 x18:00000000 x19:00000000 x20:00000000 x21:00000000 x22:00000000 x23:00000000
  x24:00000000 x25:00000000 x26:00000000 x27:00000000 x28:00000000 x29:00000000 x30:00000000 x31:00000000

Memória (posições preenchidas):
  00000000: 00a00093
  00000004: 01400113
  00000008: 002081b3
  0000000c: 40118233
  00000010: 0021f2b3
  00000014: 0020e333
  00000018: 10000393
  0000001c: 0033a023
  00000020: 0003a403
  00000024: 00300493
  00000028: fff48493
  0000002c: fe049ee3
  00000030: 00000063
  00000100: 0000001e


=== Ciclo 36 ===
Estágios do Pipeline:
  IF: NOP
  ID: NOP
  EX: BNE
  MEM: NOP

Registradores:
  x 0:00000000 x 1:0000000a x 2:00000014 x 3:0000001e x 4:00000014 x 5:00000014 x 6:0000001e x 7:00000100
  x 8:0000001e x 9:00000002 x10:00000000 x11:00000000 x12:00000000 x13:00000000 x14:00000000 x15:00000000
  x16:00000000 x17:00000000 x18:00000000 x19:00000000 x20:00000000 x21:00000000 x22:00000000 x23:00000000
  x24:00000000 x25:00000000 x26:00000000 x27:00000000 x28:00000000 x29:00000000 x30:00000000 x31:00000000

Memória (posições preenchidas):
  00000000: 00a00093
  00000004: 01400113
  00000008: 002081b3
  0000000c: 40118233
  00000010: 0021f2b3
  00000014: 0020e333
  00000018: 10000393
  0000001c: 0033a023
  00000020: 0003a403
  00000024: 00300493
  00000028: fff48493
  0000002c: fe049ee3
  00000030: 00000063
  00000100: 0000001e


=== Ciclo 37 ===
Estágios do Pipeline:
  IF: NOP
  ID: NOP
  EX: NOP
  MEM: BNE

Registradores:
  x 0:00000000 x 1:0000000a x 2:00000014 x 3:0000001e x 4:00000014 x 5:00000014 x 6:0000001e x 7:00000100
  x 8:0000001e x 9:00000002 x10:00000000 x11:00000000 x12:00000000 x13:00000000 x14:00000000 x15:00000000
  x16:00000000 x17:00000000 x18:00000000 x19:00000000 x20:00000000 x21:00000000 x22:00000000 x23:00000000
  x24:00000000 x25:00000000 x26:00000000 x27:00000000 x28:00000000 x29:00000000 x30:00000000 x31:00000000

Memória (posições preenchidas):
  00000000: 00a00093
  00000004: 01400113
  00000008: 002081b3
  0000000c: 40118233
  00000010: 0021f2b3
  00000014: 0020e333
  00000018: 10000393
  0000001c: 0033a023
  00000020: 0003a403
  00000024: 00300493
  00000028: fff48493
  0000002c: fe049ee3
  00000030: 00000063
  00000100: 0000001e


=== Ciclo 38 ===
Estágios do Pipeline:
  IF: NOP
  ID: BNE
  EX: NOP
  MEM: NOP

Registradores:
  x 0:00000000 x 1:0000000a x 2:00000014 x 3:0000001e x 4:00000014 x 5:00000014 x 6:0000001e x 7:00000100
  x 8:0000001e x 9:00000002 x10:00000000 x11:00000000 x12:00000000 x13:00000000 x14:00000000 x15:00000000
  x16:00000000 x17:00000000 x18:00000000 x19:00000000 x20:00000000 x21:00000000 x22:00000000 x23:00000000
  x24:00000000 x25:00000000 x26:00000000 x27:00000000 x28:00000000 x29:00000000 x30:00000000 x31:00000000

Memória (posições preenchidas):
  00000000: 00a00093
  00000004: 01400113
  00000008: 002081b3
  0000000c: 40118233
  00000010: 0021f2b3
  00000014: 0020e333
  00000018: 10000393
  0000001c: 0033a023
  00000020: 0003a403
  00000024: 00300493
  00000028: fff48493
  0000002c: fe049ee3
  00000030: 00000063
  00000100: 0000001e


=== Ciclo 39 ===
Estágios do Pipeline:
  IF: NOP
  ID: NOP
  EX: BNE
  MEM: NOP

Registradores:
  x 0:00000000 x 1:0000000a x 2:00000014 x 3:0000001e x 4:00000014 x 5:00000014 x 6:0000001e x 7:00000100
  x 8:0000001e x 9:00000002 x10:00000000 x11:00000000 x12:00000000 x13:00000000 x14:00000000 x15:00000000
  x16:00000000 x17:00000000 x18:00000000 x19:00000000 x20:00000000 x21:00000000 x22:00000000 x23:00000000
  x24:00000000 x25:00000000 x26:00000000 x27:00000000 x28:00000000 x29:00000000 x30:00000000 x31:00000000

Memória (posições preenchidas):
  00000000: 00a00093
  00000004: 01400113
  00000008: 002081b3
  0000000c: 40118233
  00000010: 0021f2b3
  00000014: 0020e333
  00000018: 10000393
  0000001c: 0033a023
  00000020: 0003a403
  00000024: 00300493
  00000028: fff48493
  0000002c: fe049ee3
  00000030: 00000063
  00000100: 0000001e


=== Ciclo 40 ===
Estágios do Pipeline:
  IF: NOP
  ID: NOP
  EX: NOP
  MEM: BNE

Registradores:
  x 0:00000000 x 1:0000000a x 2:00000014 x 3:0000001e x 4:00000014 x 5:00000014 x 6:0000001e x 7:00000100
  x 8:0000001e x 9:00000002 x10:00000000 x11:00000000 x12:00000000 x13:00000000 x14:00000000 x15:00000000
  x16:00000000 x17:00000000 x18:00000000 x19:00000000 x20:00000000 x21:00000000 x22:00000000 x23:00000000
  x24:00000000 x25:00000000 x26:00000000 x27:00000000 x28:00000000 x29:00000000 x30:00000000 x31:00000000

Memória (posições preenchidas):
  00000000: 00a00093
  00000004: 01400113
  00000008: 002081b3
  0000000c: 40118233
  00000010: 0021f2b3
  00000014: 0020e333
  00000018: 10000393
  0000001c: 0033a023
  00000020: 0003a403
  00000024: 00300493
  00000028: fff48493
  0000002c: fe049ee3
  00000030: 00000063
  00000100: 0000001e


=== Ciclo 41 ===
Estágios do Pipeline:
  IF: NOP
  ID: BNE
  EX: NOP
  MEM: NOP

Registradores:
  x 0:00000000 x 1:0000000a x 2:00000014 x 3:0000001e x 4:00000014 x 5:00000014 x 6:0000001e x 7:00000100
  x 8:0000001e x 9:00000002 x10:00000000 x11:00000000 x12:00000000 x13:00000000 x14:00000000 x15:00000000
  x16:00000000 x17:00000000 x18:00000000 x19:00000000 x20:00000000 x21:00000000 x22:00000000 x23:00000000
  x24:00000000 x25:00000000 x26:00000000 x27:00000000 x28:00000000 x29:00000000 x30:00000000 x31:00000000

Memória (posições preenchidas):
  00000000: 00a00093
  00000004: 01400113
  00000008: 002081b3
  0000000c: 40118233
  00000010: 0021f2b3
  00000014: 0020e333
  00000018: 10000393
  0000001c: 0033a023
  00000020: 0003a403
  00000024: 00300493
  00000028: fff48493
  0000002c: fe049ee3
  00000030: 00000063
  00000100: 0000001e


=== Ciclo 42 ===
Estágios do Pipeline:
  IF: NOP
  ID: NOP
  EX: BNE
  MEM: NOP

Registradores:
  x 0:00000000 x 1:0000000a x 2:00000014 x 3:0000001e x 4:00000014 x 5:00000014 x 6:0000001e x 7:00000100
  x 8:0000001e x 9:00000002 x10:00000000 x11:00000000 x12:00000000 x13:00000000 x14:00000000 x15:00000000
  x16:00000000 x17:00000000 x18:00000000 x19:00000000 x20:00000000 x21:00000000 x22:00000000 x23:00000000
  x24:00000000 x25:00000000 x26:00000000 x27:00000000 x28:00000000 x29:00000000 x30:00000000 x31:00000000

Memória (posições preenchidas):
  00000000: 00a00093
  00000004: 01400113
  00000008: 002081b3
  0000000c: 40118233
  00000010: 0021f2b3
  00000014: 0020e333
  00000018: 10000393
  0000001c: 0033a023
  00000020: 0003a403
  00000024: 00300493
  00000028: fff48493
  0000002c: fe049ee3
  00000030: 00000063
  00000100: 0000001e


=== Ciclo 43 ===
Estágios do Pipeline:
  IF: NOP
  ID: NOP
  EX: NOP
  MEM: BNE

Registradores:
  x 0:00000000 x 1:0000000a x 2:00000014 x 3:0000001e x 4:00000014 x 5:00000014 x 6:0000001e x 7:00000100
  x 8:0000001e x 9:00000002 x10:00000000 x11:00000000 x12:00000000 x13:00000000 x14:00000000 x15:00000000
  x16:00000000 x17:00000000 x18:00000000 x19:00000000 x20:00000000 x21:00000000 x22:00000000 x23:00000000
  x24:00000000 x25:00000000 x26:00000000 x27:00000000 x28:00000000 x29:00000000 x30:00000000 x31:00000000

Memória (posições preenchidas):
  00000000: 00a00093
  00000004: 01400113
  00000008: 002081b3
  0000000c: 40118233
  00000010: 0021f2b3
  00000014: 0020e333
  00000018: 10000393
  0000001c: 0033a023
  00000020: 0003a403
  00000024: 00300493
  00000028: fff48493
  0000002c: fe049ee3
  00000030: 00000063
  00000100: 0000001e


=== Ciclo 44 ===
Estágios do Pipeline:
  IF: NOP
  ID: BNE
  EX: NOP
  MEM: NOP

Registradores:
  x 0:00000000 x 1:0000000a x 2:00000014 x 3:0000001e x 4:00000014 x 5:00000014 x 6:0000001e x 7:00000100
  x 8:0000001e x 9:00000002 x10:00000000 x11:00000000 x12:00000000 x13:00000000 x14:00000000 x15:00000000
  x16:00000000 x17:00000000 x18:00000000 x19:00000000 x20:00000000 x21:00000000 x22:00000000 x23:00000000
  x24:00000000 x25:00000000 x26:00000000 x27:00000000 x28:00000000 x29:00000000 x30:00000000 x31:00000000

Memória (posições preenchidas):
  00000000: 00a00093
  00000004: 01400113
  00000008: 002081b3
  0000000c: 40118233
  00000010: 0021f2b3
  00000014: 0020e333
  00000018: 10000393
  0000001c: 0033a023
  00000020: 0003a403
  00000024: 00300493
  00000028: fff48493
  0000002c: fe049ee3
  00000030: 00000063
  00000100: 0000001e


=== Ciclo 45 ===
Estágios do Pipeline:
  IF: NOP
  ID: NOP
  EX: BNE
  MEM: NOP

Registradores:
  x 0:00000000 x 1:0000000a x 2:00000014 x 3:0000001e x 4:00000014 x 5:00000014 x 6:0000001e x 7:00000100
  x 8:0000001e x 9:00000002 x10:00000000 x11:00000000 x12:00000000 x13:00000000 x14:00000000 x15:00000000
  x16:00000000 x17:00000000 x18:00000000 x19:00000000 x20:00000000 x21:00000000 x22:00000000 x23:00000000
  x24:00000000 x25:00000000 x26:00000000 x27:00000000 x28:00000000 x29:00000000 x30:00000000 x31:00000000

Memória (posições preenchidas):
  00000000: 00a00093
  00000004: 01400113
  00000008: 002081b3
  0000000c: 40118233
  00000010: 0021f2b3
  00000014: 0020e333
  00000018: 10000393
  0000001c: 0033a023
  00000020: 0003a403
  00000024: 00300493
  00000028: fff48493
  0000002c: fe049ee3
  00000030: 00000063
  00000100: 0000001e


=== Ciclo 46 ===
Estágios do Pipeline:
  IF: NOP
  ID: NOP
  EX: NOP
  MEM: BNE

Registradores:
  x 0:00000000 x 1:0000000a x 2:00000014 x 3:0000001e x 4:00000014 x 5:00000014 x 6:0000001e x 7:00000100
  x 8:0000001e x 9:00000002 x10:00000000 x11:00000000 x12:00000000 x13:00000000 x14:00000000 x15:00000000
  x16:00000000 x17:00000000 x18:00000000 x19:00000000 x20:00000000 x21:00000000 x22:00000000 x23:00000000
  x24:00000000 x25:00000000 x26:00000000 x27:00000000 x28:00000000 x29:00000000 x30:00000000 x31:00000000

Memória (posições preenchidas):
  00000000: 00a00093
  00000004: 01400113
  00000008: 002081b3
  0000000c: 40118233
  00000010: 0021f2b3
  00000014: 0020e333
  00000018: 10000393
  0000001c: 0033a023
  00000020: 0003a403
  00000024: 00300493
  00000028: fff48493
  0000002c: fe049ee3
  00000030: 00000063
  00000100: 0000001e


=== Ciclo 47 ===
Estágios do Pipeline:
  IF: NOP
  ID: BNE
  EX: NOP
  MEM: NOP

Registradores:
  x 0:00000000 x 1:0000000a x 2:00000014 x 3:0000001e x 4:00000014 x 5:00000014 x 6:0000001e x 7:00000100
  x 8:0000001e x 9:00000002 x10:00000000 x11:00000000 x12:00000000 x13:00000000 x14:00000000 x15:00000000
  x16:00000000 x17:00000000 x18:00000000 x19:00000000 x20:00000000 x21:00000000 x22:00000000 x23:00000000
  x24:00000000 x25:00000000 x26:00000000 x27:00000000 x28:00000000 x29:00000000 x30:00000000 x31:00000000

Memória (posições preenchidas):
  00000000: 00a00093
  00000004: 01400113
  00000008: 002081b3
  0000000c: 40118233
  00000010: 0021f2b3
  00000014: 0020e333
  00000018: 10000393
  0000001c: 0033a023
  00000020: 0003a403
  00000024: 00300493
  00000028: fff48493
  0000002c: fe049ee3
  00000030: 00000063
  00000100: 0000001e


=== Ciclo 48 ===
Estágios do Pipeline:
  IF: NOP
  ID: NOP
  EX: BNE
  MEM: NOP

Registradores:
  x 0:00000000 x 1:0000000a x 2:00000014 x 3:0000001e x 4:00000014 x 5:00000014 x 6:0000001e x 7:00000100
  x 8:0000001e x 9:00000002 x10:00000000 x11:00000000 x12:00000000 x13:00000000 x14:00000000 x15:00000000
  x16:00000000 x17:00000000 x18:00000000 x19:00000000 x20:00000000 x21:00000000 x22:00000000 x23:00000000
  x24:00000000 x25:00000000 x26:00000000 x27:00000000 x28:00000000 x29:00000000 x30:00000000 x31:00000000

Memória (posições preenchidas):
  00000000: 00a00093
  00000004: 01400113
  00000008: 002081b3
  0000000c: 40118233
  00000010: 0021f2b3
  00000014: 0020e333
  00000018: 10000393
  0000001c: 0033a023
  00000020: 0003a403
  00000024: 00300493
  00000028: fff48493
  0000002c: fe049ee3
  00000030: 00000063
  00000100: 0000001e


=== Ciclo 49 ===
Estágios do Pipeline:
  IF: NOP
  ID: NOP
  EX: NOP
  MEM: BNE

Registradores:
  x 0:00000000 x 1:0000000a x 2:00000014 x 3:0000001e x 4:00000014 x 5:00000014 x 6:0000001e x 7:00000100
  x 8:0000001e x 9:00000002 x10:00000000 x11:00000000 x12:00000000 x13:00000000 x14:00000000 x15:00000000
  x16:00000000 x17:00000000 x18:00000000 x19:00000000 x20:00000000 x21:00000000 x22:00000000 x23:00000000
  x24:00000000 x25:00000000 x26:00000000 x27:00000000 x28:00000000 x29:00000000 x30:00000000 x31:00000000

Memória (posições preenchidas):
  00000000: 00a00093
  00000004: 01400113
  00000008: 002081b3
  0000000c: 40118233
  00000010: 0021f2b3
  00000014: 0020e333
  00000018: 10000393
  0000001c: 0033a023
  00000020: 0003a403
  00000024: 00300493
  00000028: fff48493
  0000002c: fe049ee3
  00000030: 00000063
  00000100: 0000001e


=== Ciclo 50 ===
Estágios do Pipeline:
  IF: NOP
  ID: BNE
  EX: NOP
  MEM: NOP

Registradores:
  x 0:00000000 x 1:0000000a x 2:00000014 x 3:0000001e x 4:00000014 x 5:00000014 x 6:0000001e x 7:00000100
  x 8:0000001e x 9:00000002 x10:00000000 x11:00000000 x12:00000000 x13:00000000 x14:00000000 x15:00000000
  x16:00000000 x17:00000000 x18:00000000 x19:00000000 x20:00000000 x21:00000000 x22:00000000 x23:00000000
  x24:00000000 x25:00000000 x26:00000000 x27:00000000 x28:00000000 x29:00000000 x30:00000000 x31:00000000

Memória (posições preenchidas):
  00000000: 00a00093
  00000004: 01400113
  00000008: 002081b3
  0000000c: 40118233
  00000010: 0021f2b3
  00000014: 0020e333
  00000018: 10000393
  0000001c: 0033a023
  00000020: 0003a403
  00000024: 00300493
  00000028: fff48493
  0000002c: fe049ee3
  00000030: 00000063
  00000100: 0000001e


=== Ciclo 51 ===
Estágios do Pipeline:
  IF: NOP
  ID: NOP
  EX: BNE
  MEM: NOP

Registradores:
  x 0:00000000 x 1:0000000a x 2:00000014 x 3:0000001e x 4:00000014 x 5:00000014 x 6:0000001e x 7:00000100
  x 8:0000001e x 9:00000002 x10:00000000 x11:00000000 x12:00000000 x13:00000000 x14:00000000 x15:00000000
  x16:00000000 x17:00000000 x18:00000000 x19:00000000 x20:00000000 x21:00000000 x22:00000000 x23:00000000
  x24:00000000 x25:00000000 x26:00000000 x27:00000000 x28:00000000 x29:00000000 x30:00000000 x31:00000000

Memória (posições preenchidas):
  00000000: 00a00093
  00000004: 01400113
  00000008: 002081b3
  0000000c: 40118233
  00000010: 0021f2b3
  00000014: 0020e333
  00000018: 10000393
  0000001c: 0033a023
  00000020: 0003a403
  00000024: 00300493
  00000028: fff48493
  0000002c: fe049ee3
  00000030: 00000063
  00000100: 0000001e


=== Ciclo 52 ===
Estágios do Pipeline:
  IF: NOP
  ID: NOP
  EX: NOP
  MEM: BNE

Registradores:
  x 0:00000000 x 1:0000000a x 2:00000014 x 3:0000001e x 4:00000014 x 5:00000014 x 6:0000001e x 7:00000100
  x 8:0000001e x 9:00000002 x10:00000000 x11:00000000 x12:00000000 x13:00000000 x14:00000000 x15:00000000
  x16:00000000 x17:00000000 x18:00000000 x19:00000000 x20:00000000 x21:00000000 x22:00000000 x23:00000000
  x24:00000000 x25:00000000 x26:00000000 x27:00000000 x28:00000000 x29:00000000 x30:00000000 x31:00000000

Memória (posições preenchidas):
  00000000: 00a00093
  00000004: 01400113
  00000008: 002081b3
  0000000c: 40118233
  00000010: 0021f2b3
  00000014: 0020e333
  00000018: 10000393
  0000001c: 0033a023
  00000020: 0003a403
  00000024: 00300493
  00000028: fff48493
  0000002c: fe049ee3
  00000030: 00000063
  00000100: 0000001e


=== Ciclo 53 ===
Estágios do Pipeline:
  IF: NOP
  ID: BNE
  EX: NOP
  MEM: NOP

Registradores:
  x 0:00000000 x 1:0000000a x 2:00000014 x 3:0000001e x 4:00000014 x 5:00000014 x 6:0000001e x 7:00000100
  x 8:0000001e x 9:00000002 x10:00000000 x11:00000000 x12:00000000 x13:00000000 x14:00000000 x15:00000000
  x16:00000000 x17:00000000 x18:00000000 x19:00000000 x20:00000000 x21:00000000 x22:00000000 x23:00000000
  x24:00000000 x25:00000000 x26:00000000 x27:00000000 x28:00000000 x29:00000000 x30:00000000 x31:00000000

Memória (posições preenchidas):
  00000000: 00a00093
  00000004: 01400113
  00000008: 002081b3
  0000000c: 40118233
  00000010: 0021f2b3
  00000014: 0020e333
  00000018: 10000393
  0000001c: 0033a023
  00000020: 0003a403
  00000024: 00300493
  00000028: fff48493
  0000002c: fe049ee3
  00000030: 00000063
  00000100: 0000001e


=== Ciclo 54 ===
Estágios do Pipeline:
  IF: NOP
  ID: NOP
  EX: BNE
  MEM: NOP

Registradores:
  x 0:00000000 x 1:0000000a x 2:00000014 x 3:0000001e x 4:00000014 x 5:00000014 x 6:0000001e x 7:00000100
  x 8:0000001e x 9:00000002 x10:00000000 x11:00000000 x12:00000000 x13:00000000 x14:00000000 x15:00000000
  x16:00000000 x17:00000000 x18:00000000 x19:00000000 x20:00000000 x21:00000000 x22:00000000 x23:00000000
  x24:00000000 x25:00000000 x26:00000000 x27:00000000 x28:00000000 x29:00000000 x30:00000000 x31:00000000

Memória (posições preenchidas):
  00000000: 00a00093
  00000004: 01400113
  00000008: 002081b3
  0000000c: 40118233
  00000010: 0021f2b3
  00000014: 0020e333
  00000018: 10000393
  0000001c: 0033a023
  00000020: 0003a403
  00000024: 00300493
  00000028: fff48493
  0000002c: fe049ee3
  00000030: 00000063
  00000100: 0000001e


=== Ciclo 55 ===
Estágios do Pipeline:
  IF: NOP
  ID: NOP
  EX: NOP
  MEM: BNE

Registradores:
  x 0:00000000 x 1:0000000a x 2:00000014 x 3:0000001e x 4:00000014 x 5:00000014 x 6:0000001e x 7:00000100
  x 8:0000001e x 9:00000002 x10:00000000 x11:00000000 x12:00000000 x13:00000000 x14:00000000 x15:00000000
  x16:00000000 x17:00000000 x18:00000000 x19:00000000 x20:00000000 x21:00000000 x22:00000000 x23:00000000
  x24:00000000 x25:00000000 x26:00000000 x27:00000000 x28:00000000 x29:00000000 x30:00000000 x31:00000000

Memória (posições preenchidas):
  00000000: 00a00093
  00000004: 01400113
  00000008: 002081b3
  0000000c: 40118233
  00000010: 0021f2b3
  00000014: 0020e333
  00000018: 10000393
  0000001c: 0033a023
  00000020: 0003a403
  00000024: 00300493
  00000028: fff48493
  0000002c: fe049ee3
  00000030: 00000063
  00000100: 0000001e


=== Ciclo 56 ===
Estágios do Pipeline:
  IF: NOP
  ID: BNE
  EX: NOP
  MEM: NOP

Registradores:
  x 0:00000000 x 1:0000000a x 2:00000014 x 3:0000001e x 4:00000014 x 5:00000014 x 6:0000001e x 7:00000100
  x 8:0000001e x 9:00000002 x10:00000000 x11:00000000 x12:00000000 x13:00000000 x14:00000000 x15:00000000
  x16:00000000 x17:00000000 x18:00000000 x19:00000000 x20:00000000 x21:00000000 x22:00000000 x23:00000000
  x24:00000000 x25:00000000 x26:00000000 x27:00000000 x28:00000000 x29:00000000 x30:00000000 x31:00000000

Memória (posições preenchidas):
  00000000: 00a00093
  00000004: 01400113
  00000008: 002081b3
  0000000c: 40118233
  00000010: 0021f2b3
  00000014: 0020e333
  00000018: 10000393
  0000001c: 0033a023
  00000020: 0003a403
  00000024: 00300493
  00000028: fff48493
  0000002c: fe049ee3
  00000030: 00000063
  00000100: 0000001e


=== Ciclo 57 ===
Estágios do Pipeline:
  IF: NOP
  ID: NOP
  EX: BNE
  MEM: NOP

Registradores:
  x 0:00000000 x 1:0000000a x 2:00000014 x 3:0000001e x 4:00000014 x 5:00000014 x 6:0000001e x 7:00000100
  x 8:0000001e x 9:00000002 x10:00000000 x11:00000000 x12:00000000 x13:00000000 x14:00000000 x15:00000000
  x16:00000000 x17:00000000 x18:00000000 x19:00000000 x20:00000000 x21:00000000 x22:00000000 x23:00000000
  x24:00000000 x25:00000000 x26:00000000 x27:00000000 x28:00000000 x29:00000000 x30:00000000 x31:00000000

Memória (posições preenchidas):
  00000000: 00a00093
  00000004: 01400113
  00000008: 002081b3
  0000000c: 40118233
  00000010: 0021f2b3
  00000014: 0020e333
  00000018: 10000393
  0000001c: 0033a023
  00000020: 0003a403
  00000024: 00300493
  00000028: fff48493
  0000002c: fe049ee3
  00000030: 00000063
  00000100: 0000001e


=== Ciclo 58 ===
Estágios do Pipeline:
  IF: NOP
  ID: NOP
  EX: NOP
  MEM: BNE

Registradores:
  x 0:00000000 x 1:0000000a x 2:00000014 x 3:0000001e x 4:00000014 x 5:00000014 x 6:0000001e x 7:00000100
  x 8:0000001e x 9:00000002 x10:00000000 x11:00000000 x12:00000000 x13:00000000 x14:00000000 x15:00000000
  x16:00000000 x17:00000000 x18:00000000 x19:00000000 x20:00000000 x21:00000000 x22:00000000 x23:00000000
  x24:00000000 x25:00000000 x26:00000000 x27:00000000 x28:00000000 x29:00000000 x30:00000000 x31:00000000

Memória (posições preenchidas):
  00000000: 00a00093
  00000004: 01400113
  00000008: 002081b3
  0000000c: 40118233
  00000010: 0021f2b3
  00000014: 0020e333
  00000018: 10000393
  0000001c: 0033a023
  00000020: 0003a403
  00000024: 00300493
  00000028: fff48493
  0000002c: fe049ee3
  00000030: 00000063
  00000100: 0000001e


=== Ciclo 59 ===
Estágios do Pipeline:
  IF: NOP
  ID: BNE
  EX: NOP
  MEM: NOP

Registradores:
  x 0:00000000 x 1:0000000a x 2:00000014 x 3:0000001e x 4:00000014 x 5:00000014 x 6:0000001e x 7:00000100
  x 8:0000001e x 9:00000002 x10:00000000 x11:00000000 x12:00000000 x13:00000000 x14:00000000 x15:00000000
  x16:00000000 x17:00000000 x18:00000000 x19:00000000 x20:00000000 x21:00000000 x22:00000000 x23:00000000
  x24:00000000 x25:00000000 x26:00000000 x27:00000000 x28:00000000 x29:00000000 x30:00000000 x31:00000000

Memória (posições preenchidas):
  00000000: 00a00093
  00000004: 01400113
  00000008: 002081b3
  0000000c: 40118233
  00000010: 0021f2b3
  00000014: 0020e333
  00000018: 10000393
  0000001c: 0033a023
  00000020: 0003a403
  00000024: 00300493
  00000028: fff48493
  0000002c: fe049ee3
  00000030: 00000063
  00000100: 0000001e


=== Ciclo 60 ===
Estágios do Pipeline:
  IF: NOP
  ID: NOP
  EX: BNE
  MEM: NOP

Registradores:
  x 0:00000000 x 1:0000000a x 2:00000014 x 3:0000001e x 4:00000014 x 5:00000014 x 6:0000001e x 7:00000100
  x 8:0000001e x 9:00000002 x10:00000000 x11:00000000 x12:00000000 x13:00000000 x14:00000000 x15:00000000
  x16:00000000 x17:00000000 x18:00000000 x19:00000000 x20:00000000 x21:00000000 x22:00000000 x23:00000000
  x24:00000000 x25:00000000 x26:00000000 x27:00000000 x28:00000000 x29:00000000 x30:00000000 x31:00000000

Memória (posições preenchidas):
  00000000: 00a00093
  00000004: 01400113
  00000008: 002081b3
  0000000c: 40118233
  00000010: 0021f2b3
  00000014: 0020e333
  00000018: 10000393
  0000001c: 0033a023
  00000020: 0003a403
  00000024: 00300493
  00000028: fff48493
  0000002c: fe049ee3
  00000030: 00000063
  00000100: 0000001e


=== Ciclo 61 ===
Estágios do Pipeline:
  IF: NOP
  ID: NOP
  EX: NOP
  MEM: BNE

Registradores:
  x 0:00000000 x 1:0000000a x 2:00000014 x 3:0000001e x 4:00000014 x 5:00000014 x 6:0000001e x 7:00000100
  x 8:0000001e x 9:00000002 x10:00000000 x11:00000000 x12:00000000 x13:00000000 x14:00000000 x15:00000000
  x16:00000000 x17:00000000 x18:00000000 x19:00000000 x20:00000000 x21:00000000 x22:00000000 x23:00000000
  x24:00000000 x25:00000000 x26:00000000 x27:00000000 x28:00000000 x29:00000000 x30:00000000 x31:00000000

Memória (posições preenchidas):
  00000000: 00a00093
  00000004: 01400113
  00000008: 002081b3
  0000000c: 40118233
  00000010: 0021f2b3
  00000014: 0020e333
  00000018: 10000393
  0000001c: 0033a023
  00000020: 0003a403
  00000024: 00300493
  00000028: fff48493
  0000002c: fe049ee3
  00000030: 00000063
  00000100: 0000001e


=== Ciclo 62 ===
Estágios do Pipeline:
  IF: NOP
  ID: BNE
  EX: NOP
  MEM: NOP

Registradores:
  x 0:00000000 x 1:0000000a x 2:00000014 x 3:0000001e x 4:00000014 x 5:00000014 x 6:0000001e x 7:00000100
  x 8:0000001e x 9:00000002 x10:00000000 x11:00000000 x12:00000000 x13:00000000 x14:00000000 x15:00000000
  x16:00000000 x17:00000000 x18:00000000 x19:00000000 x20:00000000 x21:00000000 x22:00000000 x23:00000000
  x24:00000000 x25:00000000 x26:00000000 x27:00000000 x28:00000000 x29:00000000 x30:00000000 x31:00000000

Memória (posições preenchidas):
  00000000: 00a00093
  00000004: 01400113
  00000008: 002081b3
  0000000c: 40118233
  00000010: 0021f2b3
  00000014: 0020e333
  00000018: 10000393
  0000001c: 0033a023
  00000020: 0003a403
  00000024: 00300493
  00000028: fff48493
  0000002c: fe049ee3
  00000030: 00000063
  00000100: 0000001e


=== Ciclo 63 ===
Estágios do Pipeline:
  IF: NOP
  ID: NOP
  EX: BNE
  MEM: NOP

Registradores:
  x 0:00000000 x 1:0000000a x 2:00000014 x 3:0000001e x 4:00000014 x 5:00000014 x 6:0000001e x 7:00000100
  x 8:0000001e x 9:00000002 x10:00000000 x11:00000000 x12:00000000 x13:00000000 x14:00000000 x15:00000000
  x16:00000000 x17:00000000 x18:00000000 x19:00000000 x20:00000000 x21:00000000 x22:00000000 x23:00000000
  x24:00000000 x25:00000000 x26:00000000 x27:00000000 x28:00000000 x29:00000000 x30:00000000 x31:00000000

Memória (posições preenchidas):
  00000000: 00a00093
  00000004: 01400113
  00000008: 002081b3
  0000000c: 40118233
  00000010: 0021f2b3
  00000014: 0020e333
  00000018: 10000393
  0000001c: 0033a023
  00000020: 0003a403
  00000024: 00300493
  00000028: fff48493
  0000002c: fe049ee3
  00000030: 00000063
  00000100: 0000001e


=== Ciclo 64 ===
Estágios do Pipeline:
  IF: NOP
  ID: NOP
  EX: NOP
  MEM: BNE

Registradores:
  x 0:00000000 x 1:0000000a x 2:00000014 x 3:0000001e x 4:00000014 x 5:00000014 x 6:0000001e x 7:00000100
  x 8:0000001e x 9:00000002 x10:00000000 x11:00000000 x12:00000000 x13:00000000 x14:00000000 x15:00000000
  x16:00000000 x17:00000000 x18:00000000 x19:00000000 x20:00000000 x21:00000000 x22:00000000 x23:00000000
  x24:00000000 x25:00000000 x26:00000000 x27:00000000 x28:00000000 x29:00000000 x30:00000000 x31:00000000

Memória (posições preenchidas):
  00000000: 00a00093
  00000004: 01400113
  00000008: 002081b3
  0000000c: 40118233
  00000010: 0021f2b3
  00000014: 0020e333
  00000018: 10000393
  0000001c: 0033a023
  00000020: 0003a403
  00000024: 00300493
  00000028: fff48493
  0000002c: fe049ee3
  00000030: 00000063
  00000100: 0000001e


=== Ciclo 65 ===
Estágios do Pipeline:
  IF: NOP
  ID: BNE
  EX: NOP
  MEM: NOP

Registradores:
  x 0:00000000 x 1:0000000a x 2:00000014 x 3:0000001e x 4:00000014 x 5:00000014 x 6:0000001e x 7:00000100
  x 8:0000001e x 9:00000002 x10:00000000 x11:00000000 x12:00000000 x13:00000000 x14:00000000 x15:00000000
  x16:00000000 x17:00000000 x18:00000000 x19:00000000 x20:00000000 x21:00000000 x22:00000000 x23:00000000
  x24:00000000 x25:00000000 x26:00000000 x27:00000000 x28:00000000 x29:00000000 x30:00000000 x31:00000000

Memória (posições preenchidas):
  00000000: 00a00093
  00000004: 01400113
  00000008: 002081b3
  0000000c: 40118233
  00000010: 0021f2b3
  00000014: 0020e333
  00000018: 10000393
  0000001c: 0033a023
  00000020: 0003a403
  00000024: 00300493
  00000028: fff48493
  0000002c: fe049ee3
  00000030: 00000063
  00000100: 0000001e


=== Ciclo 66 ===
Estágios do Pipeline:
  IF: NOP
  ID: NOP
  EX: BNE
  MEM: NOP

Registradores:
  x 0:00000000 x 1:0000000a x 2:00000014 x 3:0000001e x 4:00000014 x 5:00000014 x 6:0000001e x 7:00000100
  x 8:0000001e x 9:00000002 x10:00000000 x11:00000000 x12:00000000 x13:00000000 x14:00000000 x15:00000000
  x16:00000000 x17:00000000 x18:00000000 x19:00000000 x20:00000000 x21:00000000 x22:00000000 x23:00000000
  x24:00000000 x25:00000000 x26:00000000 x27:00000000 x28:00000000 x29:00000000 x30:00000000 x31:00000000

Memória (posições preenchidas):
  00000000: 00a00093
  00000004: 01400113
  00000008: 002081b3
  0000000c: 40118233
  00000010: 0021f2b3
  00000014: 0020e333
  00000018: 10000393
  0000001c: 0033a023
  00000020: 0003a403
  00000024: 00300493
  00000028: fff48493
  0000002c: fe049ee3
  00000030: 00000063
  00000100: 0000001e


=== Ciclo 67 ===
Estágios do Pipeline:
  IF: NOP
  ID: NOP
  EX: NOP
  MEM: BNE

Registradores:
  x 0:00000000 x 1:0000000a x 2:00000014 x 3:0000001e x 4:00000014 x 5:00000014 x 6:0000001e x 7:00000100
  x 8:0000001e x 9:00000002 x10:00000000 x11:00000000 x12:00000000 x13:00000000 x14:00000000 x15:00000000
  x16:00000000 x17:00000000 x18:00000000 x19:00000000 x20:00000000 x21:00000000 x22:00000000 x23:00000000
  x24:00000000 x25:00000000 x26:00000000 x27:00000000 x28:00000000 x29:00000000 x30:00000000 x31:00000000

Memória (posições preenchidas):
  00000000: 00a00093
  00000004: 01400113
  00000008: 002081b3
  0000000c: 40118233
  00000010: 0021f2b3
  00000014: 0020e333
  00000018: 10000393
  0000001c: 0033a023
  00000020: 0003a403
  00000024: 00300493
  00000028: fff48493
  0000002c: fe049ee3
  00000030: 00000063
  00000100: 0000001e


=== Ciclo 68 ===
Estágios do Pipeline:
  IF: NOP
  ID: BNE
  EX: NOP
  MEM: NOP

Registradores:
  x 0:00000000 x 1:0000000a x 2:00000014 x 3:0000001e x 4:00000014 x 5:00000014 x 6:0000001e x 7:00000100
  x 8:0000001e x 9:00000002 x10:00000000 x11:00000000 x12:00000000 x13:00000000 x14:00000000 x15:00000000
  x16:00000000 x17:00000000 x18:00000000 x19:00000000 x20:00000000 x21:00000000 x22:00000000 x23:00000000
  x24:00000000 x25:00000000 x26:00000000 x27:00000000 x28:00000000 x29:00000000 x30:00000000 x31:00000000

Memória (posições preenchidas):
  00000000: 00a00093
  00000004: 01400113
  00000008: 002081b3
  0000000c: 40118233
  00000010: 0021f2b3
  00000014: 0020e333
  00000018: 10000393
  0000001c: 0033a023
  00000020: 0003a403
  00000024: 00300493
  00000028: fff48493
  0000002c: fe049ee3
  00000030: 00000063
  00000100: 0000001e


=== Ciclo 69 ===
Estágios do Pipeline:
  IF: NOP
  ID: NOP
  EX: BNE
  MEM: NOP

Registradores:
  x 0:00000000 x 1:0000000a x 2:00000014 x 3:0000001e x 4:00000014 x 5:00000014 x 6:0000001e x 7:00000100
  x 8:0000001e x 9:00000002 x10:00000000 x11:00000000 x12:00000000 x13:00000000 x14:00000000 x15:00000000
  x16:00000000 x17:00000000 x18:00000000 x19:00000000 x20:00000000 x21:00000000 x22:00000000 x23:00000000
  x24:00000000 x25:00000000 x26:00000000 x27:00000000 x28:00000000 x29:00000000 x30:00000000 x31:00000000

Memória (posições preenchidas):
  00000000: 00a00093
  00000004: 01400113
  00000008: 002081b3
  0000000c: 40118233
  00000010: 0021f2b3
  00000014: 0020e333
  00000018: 10000393
  0000001c: 0033a023
  00000020: 0003a403
  00000024: 00300493
  00000028: fff48493
  0000002c: fe049ee3
  00000030: 00000063
  00000100: 0000001e


=== Ciclo 70 ===
Estágios do Pipeline:
  IF: NOP
  ID: NOP
  EX: NOP
  MEM: BNE

Registradores:
  x 0:00000000 x 1:0000000a x 2:00000014 x 3:0000001e x 4:00000014 x 5:00000014 x 6:0000001e x 7:00000100
  x 8:0000001e x 9:00000002 x10:00000000 x11:00000000 x12:00000000 x13:00000000 x14:00000000 x15:00000000
  x16:00000000 x17:00000000 x18:00000000 x19:00000000 x20:00000000 x21:00000000 x22:00000000 x23:00000000
  x24:00000000 x25:00000000 x26:00000000 x27:00000000 x28:00000000 x29:00000000 x30:00000000 x31:00000000

Memória (posições preenchidas):
  00000000: 00a00093
  00000004: 01400113
  00000008: 002081b3
  0000000c: 40118233
  00000010: 0021f2b3
  00000014: 0020e333
  00000018: 10000393
  0000001c: 0033a023
  00000020: 0003a403
  00000024: 00300493
  00000028: fff48493
  0000002c: fe049ee3
  00000030: 00000063
  00000100: 0000001e


=== Ciclo 71 ===
Estágios do Pipeline:
  IF: NOP
  ID: BNE
  EX: NOP
  MEM: NOP

Registradores:
  x 0:00000000 x 1:0000000a x 2:00000014 x 3:0000001e x 4:00000014 x 5:00000014 x 6:0000001e x 7:00000100
  x 8:0000001e x 9:00000002 x10:00000000 x11:00000000 x12:00000000 x13:00000000 x14:00000000 x15:00000000
  x16:00000000 x17:00000000 x18:00000000 x19:00000000 x20:00000000 x21:00000000 x22:00000000 x23:00000000
  x24:00000000 x25:00000000 x26:00000000 x27:00000000 x28:00000000 x29:00000000 x30:00000000 x31:00000000

Memória (posições preenchidas):
  00000000: 00a00093
  00000004: 01400113
  00000008: 002081b3
  0000000c: 40118233
  00000010: 0021f2b3
  00000014: 0020e333
  00000018: 10000393
  0000001c: 0033a023
  00000020: 0003a403
  00000024: 00300493
  00000028: fff48493
  0000002c: fe049ee3
  00000030: 00000063
  00000100: 0000001e


=== Ciclo 72 ===
Estágios do Pipeline:
  IF: NOP
  ID: NOP
  EX: BNE
  MEM: NOP

Registradores:
  x 0:00000000 x 1:0000000a x 2:00000014 x 3:0000001e x 4:00000014 x 5:00000014 x 6:0000001e x 7:00000100
  x 8:0000001e x 9:00000002 x10:00000000 x11:00000000 x12:00000000 x13:00000000 x14:00000000 x15:00000000
  x16:00000000 x17:00000000 x18:00000000 x19:00000000 x20:00000000 x21:00000000 x22:00000000 x23:00000000
  x24:00000000 x25:00000000 x26:00000000 x27:00000000 x28:00000000 x29:00000000 x30:00000000 x31:00000000

Memória (posições preenchidas):
  00000000: 00a00093
  00000004: 01400113
  00000008: 002081b3
  0000000c: 40118233
  00000010: 0021f2b3
  00000014: 0020e333
  00000018: 10000393
  0000001c: 0033a023
  00000020: 0003a403
  00000024: 00300493
  00000028: fff48493
  0000002c: fe049ee3
  00000030: 00000063
  00000100: 0000001e


=== Ciclo 73 ===
Estágios do Pipeline:
  IF: NOP
  ID: NOP
  EX: NOP
  MEM: BNE

Registradores:
  x 0:00000000 x 1:0000000a x 2:00000014 x 3:0000001e x 4:00000014 x 5:00000014 x 6:0000001e x 7:00000100
  x 8:0000001e x 9:00000002 x10:00000000 x11:00000000 x12:00000000 x13:00000000 x14:00000000 x15:00000000
  x16:00000000 x17:00000000 x18:00000000 x19:00000000 x20:00000000 x21:00000000 x22:00000000 x23:00000000
  x24:00000000 x25:00000000 x26:00000000 x27:00000000 x28:00000000 x29:00000000 x30:00000000 x31:00000000

Memória (posições preenchidas):
  00000000: 00a00093
  00000004: 01400113
  00000008: 002081b3
  0000000c: 40118233
  00000010: 0021f2b3
  00000014: 0020e333
  00000018: 10000393
  0000001c: 0033a023
  00000020: 0003a403
  00000024: 00300493
  00000028: fff48493
  0000002c: fe049ee3
  00000030: 00000063
  00000100: 0000001e


=== Ciclo 74 ===
Estágios do Pipeline:
  IF: NOP
  ID: BNE
  EX: NOP
  MEM: NOP

Registradores:
  x 0:00000000 x 1:0000000a x 2:00000014 x 3:0000001e x 4:00000014 x 5:00000014 x 6:0000001e x 7:00000100
  x 8:0000001e x 9:00000002 x10:00000000 x11:00000000 x12:00000000 x13:00000000 x14:00000000 x15:00000000
  x16:00000000 x17:00000000 x18:00000000 x19:00000000 x20:00000000 x21:00000000 x22:00000000 x23:00000000
  x24:00000000 x25:00000000 x26:00000000 x27:00000000 x28:00000000 x29:00000000 x30:00000000 x31:00000000

Memória (posições preenchidas):
  00000000: 00a00093
  00000004: 01400113
  00000008: 002081b3
  0000000c: 40118233
  00000010: 0021f2b3
  00000014: 0020e333
  00000018: 10000393
  0000001c: 0033a023
  00000020: 0003a403
  00000024: 00300493
  00000028: fff48493
  0000002c: fe049ee3
  00000030: 00000063
  00000100: 0000001e


=== Ciclo 75 ===
Estágios do Pipeline:
  IF: NOP
  ID: NOP
  EX: BNE
  MEM: NOP

Registradores:
  x 0:00000000 x 1:0000000a x 2:00000014 x 3:0000001e x 4:00000014 x 5:00000014 x 6:0000001e x 7:00000100
  x 8:0000001e x 9:00000002 x10:00000000 x11:00000000 x12:00000000 x13:00000000 x14:00000000 x15:00000000
  x16:00000000 x17:00000000 x18:00000000 x19:00000000 x20:00000000 x21:00000000 x22:00000000 x23:00000000
  x24:00000000 x25:00000000 x26:00000000 x27:00000000 x28:00000000 x29:00000000 x30:00000000 x31:00000000

Memória (posições preenchidas):
  00000000: 00a00093
  00000004: 01400113
  00000008: 002081b3
  0000000c: 40118233
  00000010: 0021f2b3
  00000014: 0020e333
  00000018: 10000393
  0000001c: 0033a023
  00000020: 0003a403
  00000024: 00300493
  00000028: fff48493
  0000002c: fe049ee3
  00000030: 00000063
  00000100: 0000001e


=== Ciclo 76 ===
Estágios do Pipeline:
  IF: NOP
  ID: NOP
  EX: NOP
  MEM: BNE

Registradores:
  x 0:00000000 x 1:0000000a x 2:00000014 x 3:0000001e x 4:00000014 x 5:00000014 x 6:0000001e x 7:00000100
  x 8:0000001e x 9:00000002 x10:00000000 x11:00000000 x12:00000000 x13:00000000 x14:00000000 x15:00000000
  x16:00000000 x17:00000000 x18:00000000 x19:00000000 x20:00000000 x21:00000000 x22:00000000 x23:00000000
  x24:00000000 x25:00000000 x26:00000000 x27:00000000 x28:00000000 x29:00000000 x30:00000000 x31:00000000

Memória (posições preenchidas):
  00000000: 00a00093
  00000004: 01400113
  00000008: 002081b3
  0000000c: 40118233
  00000010: 0021f2b3
  00000014: 0020e333
  00000018: 10000393
  0000001c: 0033a023
  00000020: 0003a403
  00000024: 00300493
  00000028: fff48493
  0000002c: fe049ee3
  00000030: 00000063
  00000100: 0000001e


=== Ciclo 77 ===
Estágios do Pipeline:
  IF: NOP
  ID: BNE
  EX: NOP
  MEM: NOP

Registradores:
  x 0:00000000 x 1:0000000a x 2:00000014 x 3:0000001e x 4:00000014 x 5:00000014 x 6:0000001e x 7:00000100
  x 8:0000001e x 9:00000002 x10:00000000 x11:00000000 x12:00000000 x13:00000000 x14:00000000 x15:00000000
  x16:00000000 x17:00000000 x18:00000000 x19:00000000 x20:00000000 x21:00000000 x22:00000000 x23:00000000
  x24:00000000 x25:00000000 x26:00000000 x27:00000000 x28:00000000 x29:00000000 x30:00000000 x31:00000000

Memória (posições preenchidas):
  00000000: 00a00093
  00000004: 01400113
  00000008: 002081b3
  0000000c: 40118233
  00000010: 0021f2b3
  00000014: 0020e333
  00000018: 10000393
  0000001c: 0033a023
  00000020: 0003a403
  00000024: 00300493
  00000028: fff48493
  0000002c: fe049ee3
  00000030: 00000063
  00000100: 0000001e


=== Ciclo 78 ===
Estágios do Pipeline:
  IF: NOP
  ID: NOP
  EX: BNE
  MEM: NOP

Registradores:
  x 0:00000000 x 1:0000000a x 2:00000014 x 3:0000001e x 4:00000014 x 5:00000014 x 6:0000001e x 7:00000100
  x 8:0000001e x 9:00000002 x10:00000000 x11:00000000 x12:00000000 x13:00000000 x14:00000000 x15:00000000
  x16:00000000 x17:00000000 x18:00000000 x19:00000000 x20:00000000 x21:00000000 x22:00000000 x23:00000000
  x24:00000000 x25:00000000 x26:00000000 x27:00000000 x28:00000000 x29:00000000 x30:00000000 x31:00000000

Memória (posições preenchidas):
  00000000: 00a00093
  00000004: 01400113
  00000008: 002081b3
  0000000c: 40118233
  00000010: 0021f2b3
  00000014: 0020e333
  00000018: 10000393
  0000001c: 0033a023
  00000020: 0003a403
  00000024: 00300493
  00000028: fff48493
  0000002c: fe049ee3
  00000030: 00000063
  00000100: 0000001e


=== Ciclo 79 ===
Estágios do Pipeline:
  IF: NOP
  ID: NOP
  EX: NOP
  MEM: BNE

Registradores:
  x 0:00000000 x 1:0000000a x 2:00000014 x 3:0000001e x 4:00000014 x 5:00000014 x 6:0000001e x 7:00000100
  x 8:0000001e x 9:00000002 x10:00000000 x11:00000000 x12:00000000 x13:00000000 x14:00000000 x15:00000000
  x16:00000000 x17:00000000 x18:00000000 x19:00000000 x20:00000000 x21:00000000 x22:00000000 x23:00000000
  x24:00000000 x25:00000000 x26:00000000 x27:00000000 x28:00000000 x29:00000000 x30:00000000 x31:00000000

Memória (posições preenchidas):
  00000000: 00a00093
  00000004: 01400113
  00000008: 002081b3
  0000000c: 40118233
  00000010: 0021f2b3
  00000014: 0020e333
  00000018: 10000393
  0000001c: 0033a023
  00000020: 0003a403
  00000024: 00300493
  00000028: fff48493
  0000002c: fe049ee3
  00000030: 00000063
  00000100: 0000001e


=== Ciclo 80 ===
Estágios do Pipeline:
  IF: NOP
  ID: BNE
  EX: NOP
  MEM: NOP

Registradores:
  x 0:00000000 x 1:0000000a x 2:00000014 x 3:0000001e x 4:00000014 x 5:00000014 x 6:0000001e x 7:00000100
  x 8:0000001e x 9:00000002 x10:00000000 x11:00000000 x12:00000000 x13:00000000 x14:00000000 x15:00000000
  x16:00000000 x17:00000000 x18:00000000 x19:00000000 x20:00000000 x21:00000000 x22:00000000 x23:00000000
  x24:00000000 x25:00000000 x26:00000000 x27:00000000 x28:00000000 x29:00000000 x30:00000000 x31:00000000

Memória (posições preenchidas):
  00000000: 00a00093
  00000004: 01400113
  00000008: 002081b3
  0000000c: 40118233
  00000010: 0021f2b3
  00000014: 0020e333
  00000018: 10000393
  0000001c: 0033a023
  00000020: 0003a403
  00000024: 00300493
  00000028: fff48493
  0000002c: fe049ee3
  00000030: 00000063
  00000100: 0000001e


=== Ciclo 81 ===
Estágios do Pipeline:
  IF: NOP
  ID: NOP
  EX: BNE
  MEM: NOP

Registradores:
  x 0:00000000 x 1:0000000a x 2:00000014 x 3:0000001e x 4:00000014 x 5:00000014 x 6:0000001e x 7:00000100
  x 8:0000001e x 9:00000002 x10:00000000 x11:00000000 x12:00000000 x13:00000000 x14:00000000 x15:00000000
  x16:00000000 x17:00000000 x18:00000000 x19:00000000 x20:00000000 x21:00000000 x22:00000000 x23:00000000
  x24:00000000 x25:00000000 x26:00000000 x27:00000000 x28:00000000 x29:00000000 x30:00000000 x31:00000000

Memória (posições preenchidas):
  00000000: 00a00093
  00000004: 01400113
  00000008: 002081b3
  0000000c: 40118233
  00000010: 0021f2b3
  00000014: 0020e333
  00000018: 10000393
  0000001c: 0033a023
  00000020: 0003a403
  00000024: 00300493
  00000028: fff48493
  0000002c: fe049ee3
  00000030: 00000063
  00000100: 0000001e


=== Ciclo 82 ===
Estágios do Pipeline:
  IF: NOP
  ID: NOP
  EX: NOP
  MEM: BNE

Registradores:
  x 0:00000000 x 1:0000000a x 2:00000014 x 3:0000001e x 4:00000014 x 5:00000014 x 6:0000001e x 7:00000100
  x 8:0000001e x 9:00000002 x10:00000000 x11:00000000 x12:00000000 x13:00000000 x14:00000000 x15:00000000
  x16:00000000 x17:00000000 x18:00000000 x19:00000000 x20:00000000 x21:00000000 x22:00000000 x23:00000000
  x24:00000000 x25:00000000 x26:00000000 x27:00000000 x28:00000000 x29:00000000 x30:00000000 x31:00000000

Memória (posições preenchidas):
  00000000: 00a00093
  00000004: 01400113
  00000008: 002081b3
  0000000c: 40118233
  00000010: 0021f2b3
  00000014: 0020e333
  00000018: 10000393
  0000001c: 0033a023
  00000020: 0003a403
  00000024: 00300493
  00000028: fff48493
  0000002c: fe049ee3
  00000030: 00000063
  00000100: 0000001e


=== Ciclo 83 ===
Estágios do Pipeline:
  IF: NOP
  ID: BNE
  EX: NOP
  MEM: NOP

Registradores:
  x 0:00000000 x 1:0000000a x 2:00000014 x 3:0000001e x 4:00000014 x 5:00000014 x 6:0000001e x 7:00000100
  x 8:0000001e x 9:00000002 x10:00000000 x11:00000000 x12:00000000 x13:00000000 x14:00000000 x15:00000000
  x16:00000000 x17:00000000 x18:00000000 x19:00000000 x20:00000000 x21:00000000 x22:00000000 x23:00000000
  x24:00000000 x25:00000000 x26:00000000 x27:00000000 x28:00000000 x29:00000000 x30:00000000 x31:00000000

Memória (posições preenchidas):
  00000000: 00a00093
  00000004: 01400113
  00000008: 002081b3
  0000000c: 40118233
  00000010: 0021f2b3
  00000014: 0020e333
  00000018: 10000393
  0000001c: 0033a023
  00000020: 0003a403
  00000024: 00300493
  00000028: fff48493
  0000002c: fe049ee3
  00000030: 00000063
  00000100: 0000001e


=== Ciclo 84 ===
Estágios do Pipeline:
  IF: NOP
  ID: NOP
  EX: BNE
  MEM: NOP

Registradores:
  x 0:00000000 x 1:0000000a x 2:00000014 x 3:0000001e x 4:00000014 x 5:00000014 x 6:0000001e x 7:00000100
  x 8:0000001e x 9:00000002 x10:00000000 x11:00000000 x12:00000000 x13:00000000 x14:00000000 x15:00000000
  x16:00000000 x17:00000000 x18:00000000 x19:00000000 x20:00000000 x21:00000000 x22:00000000 x23:00000000
  x24:00000000 x25:00000000 x26:00000000 x27:00000000 x28:00000000 x29:00000000 x30:00000000 x31:00000000

Memória (posições preenchidas):
  00000000: 00a00093
  00000004: 01400113
  00000008: 002081b3
  0000000c: 40118233
  00000010: 0021f2b3
  00000014: 0020e333
  00000018: 10000393
  0000001c: 0033a023
  00000020: 0003a403
  00000024: 00300493
  00000028: fff48493
  0000002c: fe049ee3
  00000030: 00000063
  00000100: 0000001e


=== Ciclo 85 ===
Estágios do Pipeline:
  IF: NOP
  ID: NOP
  EX: NOP
  MEM: BNE

Registradores:
  x 0:00000000 x 1:0000000a x 2:00000014 x 3:0000001e x 4:00000014 x 5:00000014 x 6:0000001e x 7:00000100
  x 8:0000001e x 9:00000002 x10:00000000 x11:00000000 x12:00000000 x13:00000000 x14:00000000 x15:00000000
  x16:00000000 x17:00000000 x18:00000000 x19:00000000 x20:00000000 x21:00000000 x22:00000000 x23:00000000
  x24:00000000 x25:00000000 x26:00000000 x27:00000000 x28:00000000 x29:00000000 x30:00000000 x31:00000000

Memória (posições preenchidas):
  00000000: 00a00093
  00000004: 01400113
  00000008: 002081b3
  0000000c: 40118233
  00000010: 0021f2b3
  00000014: 0020e333
  00000018: 10000393
  0000001c: 0033a023
  00000020: 0003a403
  00000024: 00300493
  00000028: fff48493
  0000002c: fe049ee3
  00000030: 00000063
  00000100: 0000001e


=== Ciclo 86 ===
Estágios do Pipeline:
  IF: NOP
  ID: BNE
  EX: NOP
  MEM: NOP

Registradores:
  x 0:00000000 x 1:0000000a x 2:00000014 x 3:0000001e x 4:00000014 x 5:00000014 x 6:0000001e x 7:00000100
  x 8:0000001e x 9:00000002 x10:00000000 x11:00000000 x12:00000000 x13:00000000 x14:00000000 x15:00000000
  x16:00000000 x17:00000000 x18:00000000 x19:00000000 x20:00000000 x21:00000000 x22:00000000 x23:00000000
  x24:00000000 x25:00000000 x26:00000000 x27:00000000 x28:00000000 x29:00000000 x30:00000000 x31:00000000

Memória (posições preenchidas):
  00000000: 00a00093
  00000004: 01400113
  00000008: 002081b3
  0000000c: 40118233
  00000010: 0021f2b3
  00000014: 0020e333
  00000018: 10000393
  0000001c: 0033a023
  00000020: 0003a403
  00000024: 00300493
  00000028: fff48493
  0000002c: fe049ee3
  00000030: 00000063
  00000100: 0000001e


=== Ciclo 87 ===
Estágios do Pipeline:
  IF: NOP
  ID: NOP
  EX: BNE
  MEM: NOP

Registradores:
  x 0:00000000 x 1:0000000a x 2:00000014 x 3:0000001e x 4:00000014 x 5:00000014 x 6:0000001e x 7:00000100
  x 8:0000001e x 9:00000002 x10:00000000 x11:00000000 x12:00000000 x13:00000000 x14:00000000 x15:00000000
  x16:00000000 x17:00000000 x18:00000000 x19:00000000 x20:00000000 x21:00000000 x22:00000000 x23:00000000
  x24:00000000 x25:00000000 x26:00000000 x27:00000000 x28:00000000 x29:00000000 x30:00000000 x31:00000000

Memória (posições preenchidas):
  00000000: 00a00093
  00000004: 01400113
  00000008: 002081b3
  0000000c: 40118233
  00000010: 0021f2b3
  00000014: 0020e333
  00000018: 10000393
  0000001c: 0033a023
  00000020: 0003a403
  00000024: 00300493
  00000028: fff48493
  0000002c: fe049ee3
  00000030: 00000063
  00000100: 0000001e


=== Ciclo 88 ===
Estágios do Pipeline:
  IF: NOP
  ID: NOP
  EX: NOP
  MEM: BNE

Registradores:
  x 0:00000000 x 1:0000000a x 2:00000014 x 3:0000001e x 4:00000014 x 5:00000014 x 6:0000001e x 7:00000100
  x 8:0000001e x 9:00000002 x10:00000000 x11:00000000 x12:00000000 x13:00000000 x14:00000000 x15:00000000
  x16:00000000 x17:00000000 x18:00000000 x19:00000000 x20:00000000 x21:00000000 x22:00000000 x23:00000000
  x24:00000000 x25:00000000 x26:00000000 x27:00000000 x28:00000000 x29:00000000 x30:00000000 x31:00000000

Memória (posições preenchidas):
  00000000: 00a00093
  00000004: 01400113
  00000008: 002081b3
  0000000c: 40118233
  00000010: 0021f2b3
  00000014: 0020e333
  00000018: 10000393
  0000001c: 0033a023
  00000020: 0003a403
  00000024: 00300493
  00000028: fff48493
  0000002c: fe049ee3
  00000030: 00000063
  00000100: 0000001e


=== Ciclo 89 ===
Estágios do Pipeline:
  IF: NOP
  ID: BNE
  EX: NOP
  MEM: NOP

Registradores:
  x 0:00000000 x 1:0000000a x 2:00000014 x 3:0000001e x 4:00000014 x 5:00000014 x 6:0000001e x 7:00000100
  x 8:0000001e x 9:00000002 x10:00000000 x11:00000000 x12:00000000 x13:00000000 x14:00000000 x15:00000000
  x16:00000000 x17:00000000 x18:00000000 x19:00000000 x20:00000000 x21:00000000 x22:00000000 x23:00000000
  x24:00000000 x25:00000000 x26:00000000 x27:00000000 x28:00000000 x29:00000000 x30:00000000 x31:00000000

Memória (posições preenchidas):
  00000000: 00a00093
  00000004: 01400113
  00000008: 002081b3
  0000000c: 40118233
  00000010: 0021f2b3
  00000014: 0020e333
  00000018: 10000393
  0000001c: 0033a023
  00000020: 0003a403
  00000024: 00300493
  00000028: fff48493
  0000002c: fe049ee3
  00000030: 00000063
  00000100: 0000001e


=== Ciclo 90 ===
Estágios do Pipeline:
  IF: NOP
  ID: NOP
  EX: BNE
  MEM: NOP

Registradores:
  x 0:00000000 x 1:0000000a x 2:00000014 x 3:0000001e x 4:00000014 x 5:00000014 x 6:0000001e x 7:00000100
  x 8:0000001e x 9:00000002 x10:00000000 x11:00000000 x12:00000000 x13:00000000 x14:00000000 x15:00000000
  x16:00000000 x17:00000000 x18:00000000 x19:00000000 x20:00000000 x21:00000000 x22:00000000 x23:00000000
  x24:00000000 x25:00000000 x26:00000000 x27:00000000 x28:00000000 x29:00000000 x30:00000000 x31:00000000

Memória (posições preenchidas):
  00000000: 00a00093
  00000004: 01400113
  00000008: 002081b3
  0000000c: 40118233
  00000010: 0021f2b3
  00000014: 0020e333
  00000018: 10000393
  0000001c: 0033a023
  00000020: 0003a403
  00000024: 00300493
  00000028: fff48493
  0000002c: fe049ee3
  00000030: 00000063
  00000100: 0000001e


=== Ciclo 91 ===
Estágios do Pipeline:
  IF: NOP
  ID: NOP
  EX: NOP
  MEM: BNE

Registradores:
  x 0:00000000 x 1:0000000a x 2:00000014 x 3:0000001e x 4:00000014 x 5:00000014 x 6:0000001e x 7:00000100
  x 8:0000001e x 9:00000002 x10:00000000 x11:00000000 x12:00000000 x13:00000000 x14:00000000 x15:00000000
  x16:00000000 x17:00000000 x18:00000000 x19:00000000 x20:00000000 x21:00000000 x22:00000000 x23:00000000
  x24:00000000 x25:00000000 x26:00000000 x27:00000000 x28:00000000 x29:00000000 x30:00000000 x31:00000000

Memória (posições preenchidas):
  00000000: 00a00093
  00000004: 01400113
  00000008: 002081b3
  0000000c: 40118233
  00000010: 0021f2b3
  00000014: 0020e333
  00000018: 10000393
  0000001c: 0033a023
  00000020: 0003a403
  00000024: 00300493
  00000028: fff48493
  0000002c: fe049ee3
  00000030: 00000063
  00000100: 0000001e


=== Ciclo 92 ===
Estágios do Pipeline:
  IF: NOP
  ID: BNE
  EX: NOP
  MEM: NOP

Registradores:
  x 0:00000000 x 1:0000000a x 2:00000014 x 3:0000001e x 4:00000014 x 5:00000014 x 6:0000001e x 7:00000100
  x 8:0000001e x 9:00000002 x10:00000000 x11:00000000 x12:00000000 x13:00000000 x14:00000000 x15:00000000
  x16:00000000 x17:00000000 x18:00000000 x19:00000000 x20:00000000 x21:00000000 x22:00000000 x23:00000000
  x24:00000000 x25:00000000 x26:00000000 x27:00000000 x28:00000000 x29:00000000 x30:00000000 x31:00000000

Memória (posições preenchidas):
  00000000: 00a00093
  00000004: 01400113
  00000008: 002081b3
  0000000c: 40118233
  00000010: 0021f2b3
  00000014: 0020e333
  00000018: 10000393
  0000001c: 0033a023
  00000020: 0003a403
  00000024: 00300493
  00000028: fff48493
  0000002c: fe049ee3
  00000030: 00000063
  00000100: 0000001e


=== Ciclo 93 ===
Estágios do Pipeline:
  IF: NOP
  ID: NOP
  EX: BNE
  MEM: NOP

Registradores:
  x 0:00000000 x 1:0000000a x 2:00000014 x 3:0000001e x 4:00000014 x 5:00000014 x 6:0000001e x 7:00000100
  x 8:0000001e x 9:00000002 x10:00000000 x11:00000000 x12:00000000 x13:00000000 x14:00000000 x15:00000000
  x16:00000000 x17:00000000 x18:00000000 x19:00000000 x20:00000000 x21:00000000 x22:00000000 x23:00000000
  x24:00000000 x25:00000000 x26:00000000 x27:00000000 x28:00000000 x29:00000000 x30:00000000 x31:00000000

Memória (posições preenchidas):
  00000000: 00a00093
  00000004: 01400113
  00000008: 002081b3
  0000000c: 40118233
  00000010: 0021f2b3
  00000014: 0020e333
  00000018: 10000393
  0000001c: 0033a023
  00000020: 0003a403
  00000024: 00300493
  00000028: fff48493
  0000002c: fe049ee3
  00000030: 00000063
  00000100: 0000001e


=== Ciclo 94 ===
Estágios do Pipeline:
  IF: NOP
  ID: NOP
  EX: NOP
  MEM: BNE

Registradores:
  x 0:00000000 x 1:0000000a x 2:00000014 x 3:0000001e x 4:00000014 x 5:00000014 x 6:0000001e x 7:00000100
  x 8:0000001e x 9:00000002 x10:00000000 x11:00000000 x12:00000000 x13:00000000 x14:00000000 x15:00000000
  x16:00000000 x17:00000000 x18:00000000 x19:00000000 x20:00000000 x21:00000000 x22:00000000 x23:00000000
  x24:00000000 x25:00000000 x26:00000000 x27:00000000 x28:00000000 x29:00000000 x30:00000000 x31:00000000

Memória (posições preenchidas):
  00000000: 00a00093
  00000004: 01400113
  00000008: 002081b3
  0000000c: 40118233
  00000010: 0021f2b3
  00000014: 0020e333
  00000018: 10000393
  0000001c: 0033a023
  00000020: 0003a403
  00000024: 00300493
  00000028: fff48493
  0000002c: fe049ee3
  00000030: 00000063
  00000100: 0000001e


=== Ciclo 95 ===
Estágios do Pipeline:
  IF: NOP
  ID: BNE
  EX: NOP
  MEM: NOP

Registradores:
  x 0:00000000 x 1:0000000a x 2:00000014 x 3:0000001e x 4:00000014 x 5:00000014 x 6:0000001e x 7:00000100
  x 8:0000001e x 9:00000002 x10:00000000 x11:00000000 x12:00000000 x13:00000000 x14:00000000 x15:00000000
  x16:00000000 x17:00000000 x18:00000000 x19:00000000 x20:00000000 x21:00000000 x22:00000000 x23:00000000
  x24:00000000 x25:00000000 x26:00000000 x27:00000000 x28:00000000 x29:00000000 x30:00000000 x31:00000000

Memória (posições preenchidas):
  00000000: 00a00093
  00000004: 01400113
  00000008: 002081b3
  0000000c: 40118233
  00000010: 0021f2b3
  00000014: 0020e333
  00000018: 10000393
  0000001c: 0033a023
  00000020: 0003a403
  00000024: 00300493
  00000028: fff48493
  0000002c: fe049ee3
  00000030: 00000063
  00000100: 0000001e


=== Ciclo 96 ===
Estágios do Pipeline:
  IF: NOP
  ID: NOP
  EX: BNE
  MEM: NOP

Registradores:
  x 0:00000000 x 1:0000000a x 2:00000014 x 3:0000001e x 4:00000014 x 5:00000014 x 6:0000001e x 7:00000100
  x 8:0000001e x 9:00000002 x10:00000000 x11:00000000 x12:00000000 x13:00000000 x14:00000000 x15:00000000
  x16:00000000 x17:00000000 x18:00000000 x19:00000000 x20:00000000 x21:00000000 x22:00000000 x23:00000000
  x24:00000000 x25:00000000 x26:00000000 x27:00000000 x28:00000000 x29:00000000 x30:00000000 x31:00000000

Memória (posições preenchidas):
  00000000: 00a00093
  00000004: 01400113
  00000008: 002081b3
  0000000c: 40118233
  00000010: 0021f2b3
  00000014: 0020e333
  00000018: 10000393
  0000001c: 0033a023
  00000020: 0003a403
  00000024: 00300493
  00000028: fff48493
  0000002c: fe049ee3
  00000030: 00000063
  00000100: 0000001e


=== Ciclo 97 ===
Estágios do Pipeline:
  IF: NOP
  ID: NOP
  EX: NOP
  MEM: BNE

Registradores:
  x 0:00000000 x 1:0000000a x 2:00000014 x 3:0000001e x 4:00000014 x 5:00000014 x 6:0000001e x 7:00000100
  x 8:0000001e x 9:00000002 x10:00000000 x11:00000000 x12:00000000 x13:00000000 x14:00000000 x15:00000000
  x16:00000000 x17:00000000 x18:00000000 x19:00000000 x20:00000000 x21:00000000 x22:00000000 x23:00000000
  x24:00000000 x25:00000000 x26:00000000 x27:00000000 x28:00000000 x29:00000000 x30:00000000 x31:00000000

Memória (posições preenchidas):
  00000000: 00a00093
  00000004: 01400113
  00000008: 002081b3
  0000000c: 40118233
  00000010: 0021f2b3
  00000014: 0020e333
  00000018: 10000393
  0000001c: 0033a023
  00000020: 0003a403
  00000024: 00300493
  00000028: fff48493
  0000002c: fe049ee3
  00000030: 00000063
  00000100: 0000001e


=== Ciclo 98 ===
Estágios do Pipeline:
  IF: NOP
  ID: BNE
  EX: NOP
  MEM: NOP

Registradores:
  x 0:00000000 x 1:0000000a x 2:00000014 x 3:0000001e x 4:00000014 x 5:00000014 x 6:0000001e x 7:00000100
  x 8:0000001e x 9:00000002 x10:00000000 x11:00000000 x12:00000000 x13:00000000 x14:00000000 x15:00000000
  x16:00000000 x17:00000000 x18:00000000 x19:00000000 x20:00000000 x21:00000000 x22:00000000 x23:00000000
  x24:00000000 x25:00000000 x26:00000000 x27:00000000 x28:00000000 x29:00000000 x30:00000000 x31:00000000

Memória (posições preenchidas):
  00000000: 00a00093
  00000004: 01400113
  00000008: 002081b3
  0000000c: 40118233
  00000010: 0021f2b3
  00000014: 0020e333
  00000018: 10000393
  0000001c: 0033a023
  00000020: 0003a403
  00000024: 00300493
  00000028: fff48493
  0000002c: fe049ee3
  00000030: 00000063
  00000100: 0000001e


=== Ciclo 99 ===
Estágios do Pipeline:
  IF: NOP
  ID: NOP
  EX: BNE
  MEM: NOP

Registradores:
  x 0:00000000 x 1:0000000a x 2:00000014 x 3:0000001e x 4:00000014 x 5:00000014 x 6:0000001e x 7:00000100
  x 8:0000001e x 9:00000002 x10:00000000 x11:00000000 x12:00000000 x13:00000000 x14:00000000 x15:00000000
  x16:00000000 x17:00000000 x18:00000000 x19:00000000 x20:00000000 x21:00000000 x22:00000000 x23:00000000
  x24:00000000 x25:00000000 x26:00000000 x27:00000000 x28:00000000 x29:00000000 x30:00000000 x31:00000000

Memória (posições preenchidas):
  00000000: 00a00093
  00000004: 01400113
  00000008: 002081b3
  0000000c: 40118233
  00000010: 0021f2b3
  00000014: 0020e333
  00000018: 10000393
  0000001c: 0033a023
  00000020: 0003a403
  00000024: 00300493
  00000028: fff48493
  0000002c: fe049ee3
  00000030: 00000063
  00000100: 0000001e


=== Ciclo 100 ===
Estágios do Pipeline:
  IF: NOP
  ID: NOP
  EX: NOP
  MEM: BNE

Registradores:
  x 0:00000000 x 1:0000000a x 2:00000014 x 3:0000001e x 4:00000014 x 5:00000014 x 6:0000001e x 7:00000100
  x 8:0000001e x 9:00000002 x10:00000000 x11:00000000 x12:00000000 x13:00000000 x14:00000000 x15:00000000
  x16:00000000 x17:00000000 x18:00000000 x19:00000000 x20:00000000 x21:00000000 x22:00000000 x23:00000000
  x24:00000000 x25:00000000 x26:00000000 x27:00000000 x28:00000000 x29:00000000 x30:00000000 x31:00000000

Memória (posições preenchidas):
  00000000: 00a00093
  00000004: 01400113
  00000008: 002081b3
  0000000c: 40118233
  00000010: 0021f2b3
  00000014: 0020e333
  00000018: 10000393
  0000001c: 0033a023
  00000020: 0003a403
  00000024: 00300493
  00000028: fff48493
  0000002c: fe049ee3
  00000030: 00000063
  00000100: 0000001e


=== Ciclo 101 ===
Estágios do Pipeline:
  IF: NOP
  ID: BNE
  EX: NOP
  MEM: NOP

Registradores:
  x 0:00000000 x 1:0000000a x 2:00000014 x 3:0000001e x 4:00000014 x 5:00000014 x 6:0000001e x 7:00000100
  x 8:0000001e x 9:00000002 x10:00000000 x11:00000000 x12:00000000 x13:00000000 x14:00000000 x15:00000000
  x16:00000000 x17:00000000 x18:00000000 x19:00000000 x20:00000000 x21:00000000 x22:00000000 x23:00000000
  x24:00000000 x25:00000000 x26:00000000 x27:00000000 x28:00000000 x29:00000000 x30:00000000 x31:00000000

Memória (posições preenchidas):
  00000000: 00a00093
  00000004: 01400113
  00000008: 002081b3
  0000000c: 40118233
  00000010: 0021f2b3
  00000014: 0020e333
  00000018: 10000393
  0000001c: 0033a023
  00000020: 0003a403
  00000024: 00300493
  00000028: fff48493
  0000002c: fe049ee3
  00000030: 00000063
  00000100: 0000001e


=== Ciclo 102 ===
Estágios do Pipeline:
  IF: NOP
  ID: NOP
  EX: BNE
  MEM: NOP

Registradores:
  x 0:00000000 x 1:0000000a x 2:00000014 x 3:0000001e x 4:00000014 x 5:00000014 x 6:0000001e x 7:00000100
  x 8:0000001e x 9:00000002 x10:00000000 x11:00000000 x12:00000000 x13:00000000 x14:00000000 x15:00000000
  x16:00000000 x17:00000000 x18:00000000 x19:00000000 x20:00000000 x21:00000000 x22:00000000 x23:00000000
  x24:00000000 x25:00000000 x26:00000000 x27:00000000 x28:00000000 x29:00000000 x30:00000000 x31:00000000

Memória (posições preenchidas):
  00000000: 00a00093
  00000004: 01400113
  00000008: 002081b3
  0000000c: 40118233
  00000010: 0021f2b3
  00000014: 0020e333
  00000018: 10000393
  0000001c: 0033a023
  00000020: 0003a403
  00000024: 00300493
  00000028: fff48493
  0000002c: fe049ee3
  00000030: 00000063
  00000100: 0000001e


=== Ciclo 103 ===
Estágios do Pipeline:
  IF: NOP
  ID: NOP
  EX: NOP
  MEM: BNE

Registradores:
  x 0:00000000 x 1:0000000a x 2:00000014 x 3:0000001e x 4:00000014 x 5:00000014 x 6:0000001e x 7:00000100
  x 8:0000001e x 9:00000002 x10:00000000 x11:00000000 x12:00000000 x13:00000000 x14:00000000 x15:00000000
  x16:00000000 x17:00000000 x18:00000000 x19:00000000 x20:00000000 x21:00000000 x22:00000000 x23:00000000
  x24:00000000 x25:00000000 x26:00000000 x27:00000000 x28:00000000 x29:00000000 x30:00000000 x31:00000000

Memória (posições preenchidas):
  00000000: 00a00093
  00000004: 01400113
  00000008: 002081b3
  0000000c: 40118233
  00000010: 0021f2b3
  00000014: 0020e333
  00000018: 10000393
  0000001c: 0033a023
  00000020: 0003a403
  00000024: 00300493
  00000028: fff48493
  0000002c: fe049ee3
  00000030: 00000063
  00000100: 0000001e


=== Ciclo 104 ===
Estágios do Pipeline:
  IF: NOP
  ID: BNE
  EX: NOP
  MEM: NOP

Registradores:
  x 0:00000000 x 1:0000000a x 2:00000014 x 3:0000001e x 4:00000014 x 5:00000014 x 6:0000001e x 7:00000100
  x 8:0000001e x 9:00000002 x10:00000000 x11:00000000 x12:00000000 x13:00000000 x14:00000000 x15:00000000
  x16:00000000 x17:00000000 x18:00000000 x19:00000000 x20:00000000 x21:00000000 x22:00000000 x23:00000000
  x24:00000000 x25:00000000 x26:00000000 x27:00000000 x28:00000000 x29:00000000 x30:00000000 x31:00000000

Memória (posições preenchidas):
  00000000: 00a00093
  00000004: 01400113
  00000008: 002081b3
  0000000c: 40118233
  00000010: 0021f2b3
  00000014: 0020e333
  00000018: 10000393
  0000001c: 0033a023
  00000020: 0003a403
  00000024: 00300493
  00000028: fff48493
  0000002c: fe049ee3
  00000030: 00000063
  00000100: 0000001e


=== Ciclo 105 ===
Estágios do Pipeline:
  IF: NOP
  ID: NOP
  EX: BNE
  MEM: NOP

Registradores:
  x 0:00000000 x 1:0000000a x 2:00000014 x 3:0000001e x 4:00000014 x 5:00000014 x 6:0000001e x 7:00000100
  x 8:0000001e x 9:00000002 x10:00000000 x11:00000000 x12:00000000 x13:00000000 x14:00000000 x15:00000000
  x16:00000000 x17:00000000 x18:00000000 x19:00000000 x20:00000000 x21:00000000 x22:00000000 x23:00000000
  x24:00000000 x25:00000000 x26:00000000 x27:00000000 x28:00000000 x29:00000000 x30:00000000 x31:00000000

Memória (posições preenchidas):
  00000000: 00a00093
  00000004: 01400113
  00000008: 002081b3
  0000000c: 40118233
  00000010: 0021f2b3
  00000014: 0020e333
  00000018: 10000393
  0000001c: 0033a023
  00000020: 0003a403
  00000024: 00300493
  00000028: fff48493
  0000002c: fe049ee3
  00000030: 00000063
  00000100: 0000001e


=== Ciclo 106 ===
Estágios do Pipeline:
  IF: NOP
  ID: NOP
  EX: NOP
  MEM: BNE

Registradores:
  x 0:00000000 x 1:0000000a x 2:00000014 x 3:0000001e x 4:00000014 x 5:00000014 x 6:0000001e x 7:00000100
  x 8:0000001e x 9:00000002 x10:00000000 x11:00000000 x12:00000000 x13:00000000 x14:00000000 x15:00000000
  x16:00000000 x17:00000000 x18:00000000 x19:00000000 x20:00000000 x21:00000000 x22:00000000 x23:00000000
  x24:00000000 x25:00000000 x26:00000000 x27:00000000 x28:00000000 x29:00000000 x30:00000000 x31:00000000

Memória (posições preenchidas):
  00000000: 00a00093
  00000004: 01400113
  00000008: 002081b3
  0000000c: 40118233
  00000010: 0021f2b3
  00000014: 0020e333
  00000018: 10000393
  0000001c: 0033a023
  00000020: 0003a403
  00000024: 00300493
  00000028: fff48493
  0000002c: fe049ee3
  00000030: 00000063
  00000100: 0000001e


=== Ciclo 107 ===
Estágios do Pipeline:
  IF: NOP
  ID: BNE
  EX: NOP
  MEM: NOP

Registradores:
  x 0:00000000 x 1:0000000a x 2:00000014 x 3:0000001e x 4:00000014 x 5:00000014 x 6:0000001e x 7:00000100
  x 8:0000001e x 9:00000002 x10:00000000 x11:00000000 x12:00000000 x13:00000000 x14:00000000 x15:00000000
  x16:00000000 x17:00000000 x18:00000000 x19:00000000 x20:00000000 x21:00000000 x22:00000000 x23:00000000
  x24:00000000 x25:00000000 x26:00000000 x27:00000000 x28:00000000 x29:00000000 x30:00000000 x31:00000000

Memória (posições preenchidas):
  00000000: 00a00093
  00000004: 01400113
  00000008: 002081b3
  0000000c: 40118233
  00000010: 0021f2b3
  00000014: 0020e333
  00000018: 10000393
  0000001c: 0033a023
  00000020: 0003a403
  00000024: 00300493
  00000028: fff48493
  0000002c: fe049ee3
  00000030: 00000063
  00000100: 0000001e


=== Ciclo 108 ===
Estágios do Pipeline:
  IF: NOP
  ID: NOP
  EX: BNE
  MEM: NOP

Registradores:
  x 0:00000000 x 1:0000000a x 2:00000014 x 3:0000001e x 4:00000014 x 5:00000014 x 6:0000001e x 7:00000100
  x 8:0000001e x 9:00000002 x10:00000000 x11:00000000 x12:00000000 x13:00000000 x14:00000000 x15:00000000
  x16:00000000 x17:00000000 x18:00000000 x19:00000000 x20:00000000 x21:00000000 x22:00000000 x23:00000000
  x24:00000000 x25:00000000 x26:00000000 x27:00000000 x28:00000000 x29:00000000 x30:00000000 x31:00000000

Memória (posições preenchidas):
  00000000: 00a00093
  00000004: 01400113
  00000008: 002081b3
  0000000c: 40118233
  00000010: 0021f2b3
  00000014: 0020e333
  00000018: 10000393
  0000001c: 0033a023
  00000020: 0003a403
  00000024: 00300493
  00000028: fff48493
  0000002c: fe049ee3
  00000030: 00000063
  00000100: 0000001e


=== Ciclo 109 ===
Estágios do Pipeline:
  IF: NOP
  ID: NOP
  EX: NOP
  MEM: BNE

Registradores:
  x 0:00000000 x 1:0000000a x 2:00000014 x 3:0000001e x 4:00000014 x 5:00000014 x 6:0000001e x 7:00000100
  x 8:0000001e x 9:00000002 x10:00000000 x11:00000000 x12:00000000 x13:00000000 x14:00000000 x15:00000000
  x16:00000000 x17:00000000 x18:00000000 x19:00000000 x20:00000000 x21:00000000 x22:00000000 x23:00000000
  x24:00000000 x25:00000000 x26:00000000 x27:00000000 x28:00000000 x29:00000000 x30:00000000 x31:00000000

Memória (posições preenchidas):
  00000000: 00a00093
  00000004: 01400113
  00000008: 002081b3
  0000000c: 40118233
  00000010: 0021f2b3
  00000014: 0020e333
  00000018: 10000393
  0000001c: 0033a023
  00000020: 0003a403
  00000024: 00300493
  00000028: fff48493
  0000002c: fe049ee3
  00000030: 00000063
  00000100: 0000001e


=== Ciclo 110 ===
Estágios do Pipeline:
  IF: NOP
  ID: BNE
  EX: NOP
  MEM: NOP

Registradores:
  x 0:00000000 x 1:0000000a x 2:00000014 x 3:0000001e x 4:00000014 x 5:00000014 x 6:0000001e x 7:00000100
  x 8:0000001e x 9:00000002 x10:00000000 x11:00000000 x12:00000000 x13:00000000 x14:00000000 x15:00000000
  x16:00000000 x17:00000000 x18:00000000 x19:00000000 x20:00000000 x21:00000000 x22:00000000 x23:00000000
  x24:00000000 x25:00000000 x26:00000000 x27:00000000 x28:00000000 x29:00000000 x30:00000000 x31:00000000

Memória (posições preenchidas):
  00000000: 00a00093
  00000004: 01400113
  00000008: 002081b3
  0000000c: 40118233
  00000010: 0021f2b3
  00000014: 0020e333
  00000018: 10000393
  0000001c: 0033a023
  00000020: 0003a403
  00000024: 00300493
  00000028: fff48493
  0000002c: fe049ee3
  00000030: 00000063
  00000100: 0000001e


=== Ciclo 111 ===
Estágios do Pipeline:
  IF: NOP
  ID: NOP
  EX: BNE
  MEM: NOP

Registradores:
  x 0:00000000 x 1:0000000a x 2:00000014 x 3:0000001e x 4:00000014 x 5:00000014 x 6:0000001e x 7:00000100
  x 8:0000001e x 9:00000002 x10:00000000 x11:00000000 x12:00000000 x13:00000000 x14:00000000 x15:00000000
  x16:00000000 x17:00000000 x18:00000000 x19:00000000 x20:00000000 x21:00000000 x22:00000000 x23:00000000
  x24:00000000 x25:00000000 x26:00000000 x27:00000000 x28:00000000 x29:00000000 x30:00000000 x31:00000000

Memória (posições preenchidas):
  00000000: 00a00093
  00000004: 01400113
  00000008: 002081b3
  0000000c: 40118233
  00000010: 0021f2b3
  00000014: 0020e333
  00000018: 10000393
  0000001c: 0033a023
  00000020: 0003a403
  00000024: 00300493
  00000028: fff48493
  0000002c: fe049ee3
  00000030: 00000063
  00000100: 0000001e


=== Ciclo 112 ===
Estágios do Pipeline:
  IF: NOP
  ID: NOP
  EX: NOP
  MEM: BNE

Registradores:
  x 0:00000000 x 1:0000000a x 2:00000014 x 3:0000001e x 4:00000014 x 5:00000014 x 6:0000001e x 7:00000100
  x 8:0000001e x 9:00000002 x10:00000000 x11:00000000 x12:00000000 x13:00000000 x14:00000000 x15:00000000
  x16:00000000 x17:00000000 x18:00000000 x19:00000000 x20:00000000 x21:00000000 x22:00000000 x23:00000000
  x24:00000000 x25:00000000 x26:00000000 x27:00000000 x28:00000000 x29:00000000 x30:00000000 x31:00000000

Memória (posições preenchidas):
  00000000: 00a00093
  00000004: 01400113
  00000008: 002081b3
  0000000c: 40118233
  00000010: 0021f2b3
  00000014: 0020e333
  00000018: 10000393
  0000001c: 0033a023
  00000020: 0003a403
  00000024: 00300493
  00000028: fff48493
  0000002c: fe049ee3
  00000030: 00000063
  00000100: 0000001e


=== Ciclo 113 ===
Estágios do Pipeline:
  IF: NOP
  ID: BNE
  EX: NOP
  MEM: NOP

Registradores:
  x 0:00000000 x 1:0000000a x 2:00000014 x 3:0000001e x 4:00000014 x 5:00000014 x 6:0000001e x 7:00000100
  x 8:0000001e x 9:00000002 x10:00000000 x11:00000000 x12:00000000 x13:00000000 x14:00000000 x15:00000000
  x16:00000000 x17:00000000 x18:00000000 x19:00000000 x20:00000000 x21:00000000 x22:00000000 x23:00000000
  x24:00000000 x25:00000000 x26:00000000 x27:00000000 x28:00000000 x29:00000000 x30:00000000 x31:00000000

Memória (posições preenchidas):
  00000000: 00a00093
  00000004: 01400113
  00000008: 002081b3
  0000000c: 40118233
  00000010: 0021f2b3
  00000014: 0020e333
  00000018: 10000393
  0000001c: 0033a023
  00000020: 0003a403
  00000024: 00300493
  00000028: fff48493
  0000002c: fe049ee3
  00000030: 00000063
  00000100: 0000001e


=== Ciclo 114 ===
Estágios do Pipeline:
  IF: NOP
  ID: NOP
  EX: BNE
  MEM: NOP

Registradores:
  x 0:00000000 x 1:0000000a x 2:00000014 x 3:0000001e x 4:00000014 x 5:00000014 x 6:0000001e x 7:00000100
  x 8:0000001e x 9:00000002 x10:00000000 x11:00000000 x12:00000000 x13:00000000 x14:00000000 x15:00000000
  x16:00000000 x17:00000000 x18:00000000 x19:00000000 x20:00000000 x21:00000000 x22:00000000 x23:00000000
  x24:00000000 x25:00000000 x26:00000000 x27:00000000 x28:00000000 x29:00000000 x30:00000000 x31:00000000

Memória (posições preenchidas):
  00000000: 00a00093
  00000004: 01400113
  00000008: 002081b3
  0000000c: 40118233
  00000010: 0021f2b3
  00000014: 0020e333
  00000018: 10000393
  0000001c: 0033a023
  00000020: 0003a403
  00000024: 00300493
  00000028: fff48493
  0000002c: fe049ee3
  00000030: 00000063
  00000100: 0000001e


=== Ciclo 115 ===
Estágios do Pipeline:
  IF: NOP
  ID: NOP
  EX: NOP
  MEM: BNE

Registradores:
  x 0:00000000 x 1:0000000a x 2:00000014 x 3:0000001e x 4:00000014 x 5:00000014 x 6:0000001e x 7:00000100
  x 8:0000001e x 9:00000002 x10:00000000 x11:00000000 x12:00000000 x13:00000000 x14:00000000 x15:00000000
  x16:00000000 x17:00000000 x18:00000000 x19:00000000 x20:00000000 x21:00000000 x22:00000000 x23:00000000
  x24:00000000 x25:00000000 x26:00000000 x27:00000000 x28:00000000 x29:00000000 x30:00000000 x31:00000000

Memória (posições preenchidas):
  00000000: 00a00093
  00000004: 01400113
  00000008: 002081b3
  0000000c: 40118233
  00000010: 0021f2b3
  00000014: 0020e333
  00000018: 10000393
  0000001c: 0033a023
  00000020: 0003a403
  00000024: 00300493
  00000028: fff48493
  0000002c: fe049ee3
  00000030: 00000063
  00000100: 0000001e


=== Ciclo 116 ===
Estágios do Pipeline:
  IF: NOP
  ID: BNE
  EX: NOP
  MEM: NOP

Registradores:
  x 0:00000000 x 1:0000000a x 2:00000014 x 3:0000001e x 4:00000014 x 5:00000014 x 6:0000001e x 7:00000100
  x 8:0000001e x 9:00000002 x10:00000000 x11:00000000 x12:00000000 x13:00000000 x14:00000000 x15:00000000
  x16:00000000 x17:00000000 x18:00000000 x19:00000000 x20:00000000 x21:00000000 x22:00000000 x23:00000000
  x24:00000000 x25:00000000 x26:00000000 x27:00000000 x28:00000000 x29:00000000 x30:00000000 x31:00000000

Memória (posições preenchidas):
  00000000: 00a00093
  00000004: 01400113
  00000008: 002081b3
  0000000c: 40118233
  00000010: 0021f2b3
  00000014: 0020e333
  00000018: 10000393
  0000001c: 0033a023
  00000020: 0003a403
  00000024: 00300493
  00000028: fff48493
  0000002c: fe049ee3
  00000030: 00000063
  00000100: 0000001e


=== Ciclo 117 ===
Estágios do Pipeline:
  IF: NOP
  ID: NOP
  EX: BNE
  MEM: NOP

Registradores:
  x 0:00000000 x 1:0000000a x 2:00000014 x 3:0000001e x 4:00000014 x 5:00000014 x 6:0000001e x 7:00000100
  x 8:0000001e x 9:00000002 x10:00000000 x11:00000000 x12:00000000 x13:00000000 x14:00000000 x15:00000000
  x16:00000000 x17:00000000 x18:00000000 x19:00000000 x20:00000000 x21:00000000 x22:00000000 x23:00000000
  x24:00000000 x25:00000000 x26:00000000 x27:00000000 x28:00000000 x29:00000000 x30:00000000 x31:00000000

Memória (posições preenchidas):
  00000000: 00a00093
  00000004: 01400113
  00000008: 002081b3
  0000000c: 40118233
  00000010: 0021f2b3
  00000014: 0020e333
  00000018: 10000393
  0000001c: 0033a023
  00000020: 0003a403
  00000024: 00300493
  00000028: fff48493
  0000002c: fe049ee3
  00000030: 00000063
  00000100: 0000001e


=== Ciclo 118 ===
Estágios do Pipeline:
  IF: NOP
  ID: NOP
  EX: NOP
  MEM: BNE

Registradores:
  x 0:00000000 x 1:0000000a x 2:00000014 x 3:0000001e x 4:00000014 x 5:00000014 x 6:0000001e x 7:00000100
  x 8:0000001e x 9:00000002 x10:00000000 x11:00000000 x12:00000000 x13:00000000 x14:00000000 x15:00000000
  x16:00000000 x17:00000000 x18:00000000 x19:00000000 x20:00000000 x21:00000000 x22:00000000 x23:00000000
  x24:00000000 x25:00000000 x26:00000000 x27:00000000 x28:00000000 x29:00000000 x30:00000000 x31:00000000

Memória (posições preenchidas):
  00000000: 00a00093
  00000004: 01400113
  00000008: 002081b3
  0000000c: 40118233
  00000010: 0021f2b3
  00000014: 0020e333
  00000018: 10000393
  0000001c: 0033a023
  00000020: 0003a403
  00000024: 00300493
  00000028: fff48493
  0000002c: fe049ee3
  00000030: 00000063
  00000100: 0000001e


=== Ciclo 119 ===
Estágios do Pipeline:
  IF: NOP
  ID: BNE
  EX: NOP
  MEM: NOP

Registradores:
  x 0:00000000 x 1:0000000a x 2:00000014 x 3:0000001e x 4:00000014 x 5:00000014 x 6:0000001e x 7:00000100
  x 8:0000001e x 9:00000002 x10:00000000 x11:00000000 x12:00000000 x13:00000000 x14:00000000 x15:00000000
  x16:00000000 x17:00000000 x18:00000000 x19:00000000 x20:00000000 x21:00000000 x22:00000000 x23:00000000
  x24:00000000 x25:00000000 x26:00000000 x27:00000000 x28:00000000 x29:00000000 x30:00000000 x31:00000000

Memória (posições preenchidas):
  00000000: 00a00093
  00000004: 01400113
  00000008: 002081b3
  0000000c: 40118233
  00000010: 0021f2b3
  00000014: 0020e333
  00000018: 10000393
  0000001c: 0033a023
  00000020: 0003a403
  00000024: 00300493
  00000028: fff48493
  0000002c: fe049ee3
  00000030: 00000063
  00000100: 0000001e


=== Ciclo 120 ===
Estágios do Pipeline:
  IF: NOP
  ID: NOP
  EX: BNE
  MEM: NOP

Registradores:
  x 0:00000000 x 1:0000000a x 2:00000014 x 3:0000001e x 4:00000014 x 5:00000014 x 6:0000001e x 7:00000100
  x 8:0000001e x 9:00000002 x10:00000000 x11:00000000 x12:00000000 x13:00000000 x14:00000000 x15:00000000
  x16:00000000 x17:00000000 x18:00000000 x19:00000000 x20:00000000 x21:00000000 x22:00000000 x23:00000000
  x24:00000000 x25:00000000 x26:00000000 x27:00000000 x28:00000000 x29:00000000 x30:00000000 x31:00000000

Memória (posições preenchidas):
  00000000: 00a00093
  00000004: 01400113
  00000008: 002081b3
  0000000c: 40118233
  00000010: 0021f2b3
  00000014: 0020e333
  00000018: 10000393
  0000001c: 0033a023
  00000020: 0003a403
  00000024: 00300493
  00000028: fff48493
  0000002c: fe049ee3
  00000030: 00000063
  00000100: 0000001e


=== Ciclo 121 ===
Estágios do Pipeline:
  IF: NOP
  ID: NOP
  EX: NOP
  MEM: BNE

Registradores:
  x 0:00000000 x 1:0000000a x 2:00000014 x 3:0000001e x 4:00000014 x 5:00000014 x 6:0000001e x 7:00000100
  x 8:0000001e x 9:00000002 x10:00000000 x11:00000000 x12:00000000 x13:00000000 x14:00000000 x15:00000000
  x16:00000000 x17:00000000 x18:00000000 x19:00000000 x20:00000000 x21:00000000 x22:00000000 x23:00000000
  x24:00000000 x25:00000000 x26:00000000 x27:00000000 x28:00000000 x29:00000000 x30:00000000 x31:00000000

Memória (posições preenchidas):
  00000000: 00a00093
  00000004: 01400113
  00000008: 002081b3
  0000000c: 40118233
  00000010: 0021f2b3
  00000014: 0020e333
  00000018: 10000393
  0000001c: 0033a023
  00000020: 0003a403
  00000024: 00300493
  00000028: fff48493
  0000002c: fe049ee3
  00000030: 00000063
  00000100: 0000001e


=== Ciclo 122 ===
Estágios do Pipeline:
  IF: NOP
  ID: BNE
  EX: NOP
  MEM: NOP

Registradores:
  x 0:00000000 x 1:0000000a x 2:00000014 x 3:0000001e x 4:00000014 x 5:00000014 x 6:0000001e x 7:00000100
  x 8:0000001e x 9:00000002 x10:00000000 x11:00000000 x12:00000000 x13:00000000 x14:00000000 x15:00000000
  x16:00000000 x17:00000000 x18:00000000 x19:00000000 x20:00000000 x21:00000000 x22:00000000 x23:00000000
  x24:00000000 x25:00000000 x26:00000000 x27:00000000 x28:00000000 x29:00000000 x30:00000000 x31:00000000

Memória (posições preenchidas):
  00000000: 00a00093
  00000004: 01400113
  00000008: 002081b3
  0000000c: 40118233
  00000010: 0021f2b3
  00000014: 0020e333
  00000018: 10000393
  0000001c: 0033a023
  00000020: 0003a403
  00000024: 00300493
  00000028: fff48493
  0000002c: fe049ee3
  00000030: 00000063
  00000100: 0000001e


=== Ciclo 123 ===
Estágios do Pipeline:
  IF: NOP
  ID: NOP
  EX: BNE
  MEM: NOP

Registradores:
  x 0:00000000 x 1:0000000a x 2:00000014 x 3:0000001e x 4:00000014 x 5:00000014 x 6:0000001e x 7:00000100
  x 8:0000001e x 9:00000002 x10:00000000 x11:00000000 x12:00000000 x13:00000000 x14:00000000 x15:00000000
  x16:00000000 x17:00000000 x18:00000000 x19:00000000 x20:00000000 x21:00000000 x22:00000000 x23:00000000
  x24:00000000 x25:00000000 x26:00000000 x27:00000000 x28:00000000 x29:00000000 x30:00000000 x31:00000000

Memória (posições preenchidas):
  00000000: 00a00093
  00000004: 01400113
  00000008: 002081b3
  0000000c: 40118233
  00000010: 0021f2b3
  00000014: 0020e333
  00000018: 10000393
  0000001c: 0033a023
  00000020: 0003a403
  00000024: 00300493
  00000028: fff48493
  0000002c: fe049ee3
  00000030: 00000063
  00000100: 0000001e


=== Ciclo 124 ===
Estágios do Pipeline:
  IF: NOP
  ID: NOP
  EX: NOP
  MEM: BNE

Registradores:
  x 0:00000000 x 1:0000000a x 2:00000014 x 3:0000001e x 4:00000014 x 5:00000014 x 6:0000001e x 7:00000100
  x 8:0000001e x 9:00000002 x10:00000000 x11:00000000 x12:00000000 x13:00000000 x14:00000000 x15:00000000
  x16:00000000 x17:00000000 x18:00000000 x19:00000000 x20:00000000 x21:00000000 x22:00000000 x23:00000000
  x24:00000000 x25:00000000 x26:00000000 x27:00000000 x28:00000000 x29:00000000 x30:00000000 x31:00000000

Memória (posições preenchidas):
  00000000: 00a00093
  00000004: 01400113
  00000008: 002081b3
  0000000c: 40118233
  00000010: 0021f2b3
  00000014: 0020e333
  00000018: 10000393
  0000001c: 0033a023
  00000020: 0003a403
  00000024: 00300493
  00000028: fff48493
  0000002c: fe049ee3
  00000030: 00000063
  00000100: 0000001e


=== Ciclo 125 ===
Estágios do Pipeline:
  IF: NOP
  ID: BNE
  EX: NOP
  MEM: NOP

Registradores:
  x 0:00000000 x 1:0000000a x 2:00000014 x 3:0000001e x 4:00000014 x 5:00000014 x 6:0000001e x 7:00000100
  x 8:0000001e x 9:00000002 x10:00000000 x11:00000000 x12:00000000 x13:00000000 x14:00000000 x15:00000000
  x16:00000000 x17:00000000 x18:00000000 x19:00000000 x20:00000000 x21:00000000 x22:00000000 x23:00000000
  x24:00000000 x25:00000000 x26:00000000 x27:00000000 x28:00000000 x29:00000000 x30:00000000 x31:00000000

Memória (posições preenchidas):
  00000000: 00a00093
  00000004: 01400113
  00000008: 002081b3
  0000000c: 40118233
  00000010: 0021f2b3
  00000014: 0020e333
  00000018: 10000393
  0000001c: 0033a023
  00000020: 0003a403
  00000024: 00300493
  00000028: fff48493
  0000002c: fe049ee3
  00000030: 00000063
  00000100: 0000001e


=== Ciclo 126 ===
Estágios do Pipeline:
  IF: NOP
  ID: NOP
  EX: BNE
  MEM: NOP

Registradores:
  x 0:00000000 x 1:0000000a x 2:00000014 x 3:0000001e x 4:00000014 x 5:00000014 x 6:0000001e x 7:00000100
  x 8:0000001e x 9:00000002 x10:00000000 x11:00000000 x12:00000000 x13:00000000 x14:00000000 x15:00000000
  x16:00000000 x17:00000000 x18:00000000 x19:00000000 x20:00000000 x21:00000000 x22:00000000 x23:00000000
  x24:00000000 x25:00000000 x26:00000000 x27:00000000 x28:00000000 x29:00000000 x30:00000000 x31:00000000

Memória (posições preenchidas):
  00000000: 00a00093
  00000004: 01400113
  00000008: 002081b3
  0000000c: 40118233
  00000010: 0021f2b3
  00000014: 0020e333
  00000018: 10000393
  0000001c: 0033a023
  00000020: 0003a403
  00000024: 00300493
  00000028: fff48493
  0000002c: fe049ee3
  00000030: 00000063
  00000100: 0000001e


=== Ciclo 127 ===
Estágios do Pipeline:
  IF: NOP
  ID: NOP
  EX: NOP
  MEM: BNE

Registradores:
  x 0:00000000 x 1:0000000a x 2:00000014 x 3:0000001e x 4:00000014 x 5:00000014 x 6:0000001e x 7:00000100
  x 8:0000001e x 9:00000002 x10:00000000 x11:00000000 x12:00000000 x13:00000000 x14:00000000 x15:00000000
  x16:00000000 x17:00000000 x18:00000000 x19:00000000 x20:00000000 x21:00000000 x22:00000000 x23:00000000
  x24:00000000 x25:00000000 x26:00000000 x27:00000000 x28:00000000 x29:00000000 x30:00000000 x31:00000000

Memória (posições preenchidas):
  00000000: 00a00093
  00000004: 01400113
  00000008: 002081b3
  0000000c: 40118233
  00000010: 0021f2b3
  00000014: 0020e333
  00000018: 10000393
  0000001c: 0033a023
  00000020: 0003a403
  00000024: 00300493
  00000028: fff48493
  0000002c: fe049ee3
  00000030: 00000063
  00000100: 0000001e


=== Ciclo 128 ===
Estágios do Pipeline:
  IF: NOP
  ID: BNE
  EX: NOP
  MEM: NOP

Registradores:
  x 0:00000000 x 1:0000000a x 2:00000014 x 3:0000001e x 4:00000014 x 5:00000014 x 6:0000001e x 7:00000100
  x 8:0000001e x 9:00000002 x10:00000000 x11:00000000 x12:00000000 x13:00000000 x14:00000000 x15:00000000
  x16:00000000 x17:00000000 x18:00000000 x19:00000000 x20:00000000 x21:00000000 x22:00000000 x23:00000000
  x24:00000000 x25:00000000 x26:00000000 x27:00000000 x28:00000000 x29:00000000 x30:00000000 x31:00000000

Memória (posições preenchidas):
  00000000: 00a00093
  00000004: 01400113
  00000008: 002081b3
  0000000c: 40118233
  00000010: 0021f2b3
  00000014: 0020e333
  00000018: 10000393
  0000001c: 0033a023
  00000020: 0003a403
  00000024: 00300493
  00000028: fff48493
  0000002c: fe049ee3
  00000030: 00000063
  00000100: 0000001e


=== Ciclo 129 ===
Estágios do Pipeline:
  IF: NOP
  ID: NOP
  EX: BNE
  MEM: NOP

Registradores:
  x 0:00000000 x 1:0000000a x 2:00000014 x 3:0000001e x 4:00000014 x 5:00000014 x 6:0000001e x 7:00000100
  x 8:0000001e x 9:00000002 x10:00000000 x11:00000000 x12:00000000 x13:00000000 x14:00000000 x15:00000000
  x16:00000000 x17:00000000 x18:00000000 x19:00000000 x20:00000000 x21:00000000 x22:00000000 x23:00000000
  x24:00000000 x25:00000000 x26:00000000 x27:00000000 x28:00000000 x29:00000000 x30:00000000 x31:00000000

Memória (posições preenchidas):
  00000000: 00a00093
  00000004: 01400113
  00000008: 002081b3
  0000000c: 40118233
  00000010: 0021f2b3
  00000014: 0020e333
  00000018: 10000393
  0000001c: 0033a023
  00000020: 0003a403
  00000024: 00300493
  00000028: fff48493
  0000002c: fe049ee3
  00000030: 00000063
  00000100: 0000001e


=== Ciclo 130 ===
Estágios do Pipeline:
  IF: NOP
  ID: NOP
  EX: NOP
  MEM: BNE

Registradores:
  x 0:00000000 x 1:0000000a x 2:00000014 x 3:0000001e x 4:00000014 x 5:00000014 x 6:0000001e x 7:00000100
  x 8:0000001e x 9:00000002 x10:00000000 x11:00000000 x12:00000000 x13:00000000 x14:00000000 x15:00000000
  x16:00000000 x17:00000000 x18:00000000 x19:00000000 x20:00000000 x21:00000000 x22:00000000 x23:00000000
  x24:00000000 x25:00000000 x26:00000000 x27:00000000 x28:00000000 x29:00000000 x30:00000000 x31:00000000

Memória (posições preenchidas):
  00000000: 00a00093
  00000004: 01400113
  00000008: 002081b3
  0000000c: 40118233
  00000010: 0021f2b3
  00000014: 0020e333
  00000018: 10000393
  0000001c: 0033a023
  00000020: 0003a403
  00000024: 00300493
  00000028: fff48493
  0000002c: fe049ee3
  00000030: 00000063
  00000100: 0000001e


=== Ciclo 131 ===
Estágios do Pipeline:
  IF: NOP
  ID: BNE
  EX: NOP
  MEM: NOP

Registradores:
  x 0:00000000 x 1:0000000a x 2:00000014 x 3:0000001e x 4:00000014 x 5:00000014 x 6:0000001e x 7:00000100
  x 8:0000001e x 9:00000002 x10:00000000 x11:00000000 x12:00000000 x13:00000000 x14:00000000 x15:00000000
  x16:00000000 x17:00000000 x18:00000000 x19:00000000 x20:00000000 x21:00000000 x22:00000000 x23:00000000
  x24:00000000 x25:00000000 x26:00000000 x27:00000000 x28:00000000 x29:00000000 x30:00000000 x31:00000000

Memória (posições preenchidas):
  00000000: 00a00093
  00000004: 01400113
  00000008: 002081b3
  0000000c: 40118233
  00000010: 0021f2b3
  00000014: 0020e333
  00000018: 10000393
  0000001c: 0033a023
  00000020: 0003a403
  00000024: 00300493
  00000028: fff48493
  0000002c: fe049ee3
  00000030: 00000063
  00000100: 0000001e


=== Ciclo 132 ===
Estágios do Pipeline:
  IF: NOP
  ID: NOP
  EX: BNE
  MEM: NOP

Registradores:
  x 0:00000000 x 1:0000000a x 2:00000014 x 3:0000001e x 4:00000014 x 5:00000014 x 6:0000001e x 7:00000100
  x 8:0000001e x 9:00000002 x10:00000000 x11:00000000 x12:00000000 x13:00000000 x14:00000000 x15:00000000
  x16:00000000 x17:00000000 x18:00000000 x19:00000000 x20:00000000 x21:00000000 x22:00000000 x23:00000000
  x24:00000000 x25:00000000 x26:00000000 x27:00000000 x28:00000000 x29:00000000 x30:00000000 x31:00000000

Memória (posições preenchidas):
  00000000: 00a00093
  00000004: 01400113
  00000008: 002081b3
  0000000c: 40118233
  00000010: 0021f2b3
  00000014: 0020e333
  00000018: 10000393
  0000001c: 0033a023
  00000020: 0003a403
  00000024: 00300493
  00000028: fff48493
  0000002c: fe049ee3
  00000030: 00000063
  00000100: 0000001e


=== Ciclo 133 ===
Estágios do Pipeline:
  IF: NOP
  ID: NOP
  EX: NOP
  MEM: BNE

Registradores:
  x 0:00000000 x 1:0000000a x 2:00000014 x 3:0000001e x 4:00000014 x 5:00000014 x 6:0000001e x 7:00000100
  x 8:0000001e x 9:00000002 x10:00000000 x11:00000000 x12:00000000 x13:00000000 x14:00000000 x15:00000000
  x16:00000000 x17:00000000 x18:00000000 x19:00000000 x20:00000000 x21:00000000 x22:00000000 x23:00000000
  x24:00000000 x25:00000000 x26:00000000 x27:00000000 x28:00000000 x29:00000000 x30:00000000 x31:00000000

Memória (posições preenchidas):
  00000000: 00a00093
  00000004: 01400113
  00000008: 002081b3
  0000000c: 40118233
  00000010: 0021f2b3
  00000014: 0020e333
  00000018: 10000393
  0000001c: 0033a023
  00000020: 0003a403
  00000024: 00300493
  00000028: fff48493
  0000002c: fe049ee3
  00000030: 00000063
  00000100: 0000001e


=== Ciclo 134 ===
Estágios do Pipeline:
  IF: NOP
  ID: BNE
  EX: NOP
  MEM: NOP

Registradores:
  x 0:00000000 x 1:0000000a x 2:00000014 x 3:0000001e x 4:00000014 x 5:00000014 x 6:0000001e x 7:00000100
  x 8:0000001e x 9:00000002 x10:00000000 x11:00000000 x12:00000000 x13:00000000 x14:00000000 x15:00000000
  x16:00000000 x17:00000000 x18:00000000 x19:00000000 x20:00000000 x21:00000000 x22:00000000 x23:00000000
  x24:00000000 x25:00000000 x26:00000000 x27:00000000 x28:00000000 x29:00000000 x30:00000000 x31:00000000

Memória (posições preenchidas):
  00000000: 00a00093
  00000004: 01400113
  00000008: 002081b3
  0000000c: 40118233
  00000010: 0021f2b3
  00000014: 0020e333
  00000018: 10000393
  0000001c: 0033a023
  00000020: 0003a403
  00000024: 00300493
  00000028: fff48493
  0000002c: fe049ee3
  00000030: 00000063
  00000100: 0000001e


=== Ciclo 135 ===
Estágios do Pipeline:
  IF: NOP
  ID: NOP
  EX: BNE
  MEM: NOP

Registradores:
  x 0:00000000 x 1:0000000a x 2:00000014 x 3:0000001e x 4:00000014 x 5:00000014 x 6:0000001e x 7:00000100
  x 8:0000001e x 9:00000002 x10:00000000 x11:00000000 x12:00000000 x13:00000000 x14:00000000 x15:00000000
  x16:00000000 x17:00000000 x18:00000000 x19:00000000 x20:00000000 x21:00000000 x22:00000000 x23:00000000
  x24:00000000 x25:00000000 x26:00000000 x27:00000000 x28:00000000 x29:00000000 x30:00000000 x31:00000000

Memória (posições preenchidas):
  00000000: 00a00093
  00000004: 01400113
  00000008: 002081b3
  0000000c: 40118233
  00000010: 0021f2b3
  00000014: 0020e333
  00000018: 10000393
  0000001c: 0033a023
  00000020: 0003a403
  00000024: 00300493
  00000028: fff48493
  0000002c: fe049ee3
  00000030: 00000063
  00000100: 0000001e


=== Ciclo 136 ===
Estágios do Pipeline:
  IF: NOP
  ID: NOP
  EX: NOP
  MEM: BNE

Registradores:
  x 0:00000000 x 1:0000000a x 2:00000014 x 3:0000001e x 4:00000014 x 5:00000014 x 6:0000001e x 7:00000100
  x 8:0000001e x 9:00000002 x10:00000000 x11:00000000 x12:00000000 x13:00000000 x14:00000000 x15:00000000
  x16:00000000 x17:00000000 x18:00000000 x19:00000000 x20:00000000 x21:00000000 x22:00000000 x23:00000000
  x24:00000000 x25:00000000 x26:00000000 x27:00000000 x28:00000000 x29:00000000 x30:00000000 x31:00000000

Memória (posições preenchidas):
  00000000: 00a00093
  00000004: 01400113
  00000008: 002081b3
  0000000c: 40118233
  00000010: 0021f2b3
  00000014: 0020e333
  00000018: 10000393
  0000001c: 0033a023
  00000020: 0003a403
  00000024: 00300493
  00000028: fff48493
  0000002c: fe049ee3
  00000030: 00000063
  00000100: 0000001e


=== Ciclo 137 ===
Estágios do Pipeline:
  IF: NOP
  ID: BNE
  EX: NOP
  MEM: NOP

Registradores:
  x 0:00000000 x 1:0000000a x 2:00000014 x 3:0000001e x 4:00000014 x 5:00000014 x 6:0000001e x 7:00000100
  x 8:0000001e x 9:00000002 x10:00000000 x11:00000000 x12:00000000 x13:00000000 x14:00000000 x15:00000000
  x16:00000000 x17:00000000 x18:00000000 x19:00000000 x20:00000000 x21:00000000 x22:00000000 x23:00000000
  x24:00000000 x25:00000000 x26:00000000 x27:00000000 x28:00000000 x29:00000000 x30:00000000 x31:00000000

Memória (posições preenchidas):
  00000000: 00a00093
  00000004: 01400113
  00000008: 002081b3
  0000000c: 40118233
  00000010: 0021f2b3
  00000014: 0020e333
  00000018: 10000393
  0000001c: 0033a023
  00000020: 0003a403
  00000024: 00300493
  00000028: fff48493
  0000002c: fe049ee3
  00000030: 00000063
  00000100: 0000001e


=== Ciclo 138 ===
Estágios do Pipeline:
  IF: NOP
  ID: NOP
  EX: BNE
  MEM: NOP

Registradores:
  x 0:00000000 x 1:0000000a x 2:00000014 x 3:0000001e x 4:00000014 x 5:00000014 x 6:0000001e x 7:00000100
  x 8:0000001e x 9:00000002 x10:00000000 x11:00000000 x12:00000000 x13:00000000 x14:00000000 x15:00000000
  x16:00000000 x17:00000000 x18:00000000 x19:00000000 x20:00000000 x21:00000000 x22:00000000 x23:00000000
  x24:00000000 x25:00000000 x26:00000000 x27:00000000 x28:00000000 x29:00000000 x30:00000000 x31:00000000

Memória (posições preenchidas):
  00000000: 00a00093
  00000004: 01400113
  00000008: 002081b3
  0000000c: 40118233
  00000010: 0021f2b3
  00000014: 0020e333
  00000018: 10000393
  0000001c: 0033a023
  00000020: 0003a403
  00000024: 00300493
  00000028: fff48493
  0000002c: fe049ee3
  00000030: 00000063
  00000100: 0000001e


=== Ciclo 139 ===
Estágios do Pipeline:
  IF: NOP
  ID: NOP
  EX: NOP
  MEM: BNE

Registradores:
  x 0:00000000 x 1:0000000a x 2:00000014 x 3:0000001e x 4:00000014 x 5:00000014 x 6:0000001e x 7:00000100
  x 8:0000001e x 9:00000002 x10:00000000 x11:00000000 x12:00000000 x13:00000000 x14:00000000 x15:00000000
  x16:00000000 x17:00000000 x18:00000000 x19:00000000 x20:00000000 x21:00000000 x22:00000000 x23:00000000
  x24:00000000 x25:00000000 x26:00000000 x27:00000000 x28:00000000 x29:00000000 x30:00000000 x31:00000000

Memória (posições preenchidas):
  00000000: 00a00093
  00000004: 01400113
  00000008: 002081b3
  0000000c: 40118233
  00000010: 0021f2b3
  00000014: 0020e333
  00000018: 10000393
  0000001c: 0033a023
  00000020: 0003a403
  00000024: 00300493
  00000028: fff48493
  0000002c: fe049ee3
  00000030: 00000063
  00000100: 0000001e


=== Ciclo 140 ===
Estágios do Pipeline:
  IF: NOP
  ID: BNE
  EX: NOP
  MEM: NOP

Registradores:
  x 0:00000000 x 1:0000000a x 2:00000014 x 3:0000001e x 4:00000014 x 5:00000014 x 6:0000001e x 7:00000100
  x 8:0000001e x 9:00000002 x10:00000000 x11:00000000 x12:00000000 x13:00000000 x14:00000000 x15:00000000
  x16:00000000 x17:00000000 x18:00000000 x19:00000000 x20:00000000 x21:00000000 x22:00000000 x23:00000000
  x24:00000000 x25:00000000 x26:00000000 x27:00000000 x28:00000000 x29:00000000 x30:00000000 x31:00000000

Memória (posições preenchidas):
  00000000: 00a00093
  00000004: 01400113
  00000008: 002081b3
  0000000c: 40118233
  00000010: 0021f2b3
  00000014: 0020e333
  00000018: 10000393
  0000001c: 0033a023
  00000020: 0003a403
  00000024: 00300493
  00000028: fff48493
  0000002c: fe049ee3
  00000030: 00000063
  00000100: 0000001e


=== Ciclo 141 ===
Estágios do Pipeline:
  IF: NOP
  ID: NOP
  EX: BNE
  MEM: NOP

Registradores:
  x 0:00000000 x 1:0000000a x 2:00000014 x 3:0000001e x 4:00000014 x 5:00000014 x 6:0000001e x 7:00000100
  x 8:0000001e x 9:00000002 x10:00000000 x11:00000000 x12:00000000 x13:00000000 x14:00000000 x15:00000000
  x16:00000000 x17:00000000 x18:00000000 x19:00000000 x20:00000000 x21:00000000 x22:00000000 x23:00000000
  x24:00000000 x25:00000000 x26:00000000 x27:00000000 x28:00000000 x29:00000000 x30:00000000 x31:00000000

Memória (posições preenchidas):
  00000000: 00a00093
  00000004: 01400113
  00000008: 002081b3
  0000000c: 40118233
  00000010: 0021f2b3
  00000014: 0020e333
  00000018: 10000393
  0000001c: 0033a023
  00000020: 0003a403
  00000024: 00300493
  00000028: fff48493
  0000002c: fe049ee3
  00000030: 00000063
  00000100: 0000001e


=== Ciclo 142 ===
Estágios do Pipeline:
  IF: NOP
  ID: NOP
  EX: NOP
  MEM: BNE

Registradores:
  x 0:00000000 x 1:0000000a x 2:00000014 x 3:0000001e x 4:00000014 x 5:00000014 x 6:0000001e x 7:00000100
  x 8:0000001e x 9:00000002 x10:00000000 x11:00000000 x12:00000000 x13:00000000 x14:00000000 x15:00000000
  x16:00000000 x17:00000000 x18:00000000 x19:00000000 x20:00000000 x21:00000000 x22:00000000 x23:00000000
  x24:00000000 x25:00000000 x26:00000000 x27:00000000 x28:00000000 x29:00000000 x30:00000000 x31:00000000

Memória (posições preenchidas):
  00000000: 00a00093
  00000004: 01400113
  00000008: 002081b3
  0000000c: 40118233
  00000010: 0021f2b3
  00000014: 0020e333
  00000018: 10000393
  0000001c: 0033a023
  00000020: 0003a403
  00000024: 00300493
  00000028: fff48493
  0000002c: fe049ee3
  00000030: 00000063
  00000100: 0000001e


=== Ciclo 143 ===
Estágios do Pipeline:
  IF: NOP
  ID: BNE
  EX: NOP
  MEM: NOP

Registradores:
  x 0:00000000 x 1:0000000a x 2:00000014 x 3:0000001e x 4:00000014 x 5:00000014 x 6:0000001e x 7:00000100
  x 8:0000001e x 9:00000002 x10:00000000 x11:00000000 x12:00000000 x13:00000000 x14:00000000 x15:00000000
  x16:00000000 x17:00000000 x18:00000000 x19:00000000 x20:00000000 x21:00000000 x22:00000000 x23:00000000
  x24:00000000 x25:00000000 x26:00000000 x27:00000000 x28:00000000 x29:00000000 x30:00000000 x31:00000000

Memória (posições preenchidas):
  00000000: 00a00093
  00000004: 01400113
  00000008: 002081b3
  0000000c: 40118233
  00000010: 0021f2b3
  00000014: 0020e333
  00000018: 10000393
  0000001c: 0033a023
  00000020: 0003a403
  00000024: 00300493
  00000028: fff48493
  0000002c: fe049ee3
  00000030: 00000063
  00000100: 0000001e


=== Ciclo 144 ===
Estágios do Pipeline:
  IF: NOP
  ID: NOP
  EX: BNE
  MEM: NOP

Registradores:
  x 0:00000000 x 1:0000000a x 2:00000014 x 3:0000001e x 4:00000014 x 5:00000014 x 6:0000001e x 7:00000100
  x 8:0000001e x 9:00000002 x10:00000000 x11:00000000 x12:00000000 x13:00000000 x14:00000000 x15:00000000
  x16:00000000 x17:00000000 x18:00000000 x19:00000000 x20:00000000 x21:00000000 x22:00000000 x23:00000000
  x24:00000000 x25:00000000 x26:00000000 x27:00000000 x28:00000000 x29:00000000 x30:00000000 x31:00000000

Memória (posições preenchidas):
  00000000: 00a00093
  00000004: 01400113
  00000008: 002081b3
  0000000c: 40118233
  00000010: 0021f2b3
  00000014: 0020e333
  00000018: 10000393
  0000001c: 0033a023
  00000020: 0003a403
  00000024: 00300493
  00000028: fff48493
  0000002c: fe049ee3
  00000030: 00000063
  00000100: 0000001e


=== Ciclo 145 ===
Estágios do Pipeline:
  IF: NOP
  ID: NOP
  EX: NOP
  MEM: BNE

Registradores:
  x 0:00000000 x 1:0000000a x 2:00000014 x 3:0000001e x 4:00000014 x 5:00000014 x 6:0000001e x 7:00000100
  x 8:0000001e x 9:00000002 x10:00000000 x11:00000000 x12:00000000 x13:00000000 x14:00000000 x15:00000000
  x16:00000000 x17:00000000 x18:00000000 x19:00000000 x20:00000000 x21:00000000 x22:00000000 x23:00000000
  x24:00000000 x25:00000000 x26:00000000 x27:00000000 x28:00000000 x29:00000000 x30:00000000 x31:00000000

Memória (posições preenchidas):
  00000000: 00a00093
  00000004: 01400113
  00000008: 002081b3
  0000000c: 40118233
  00000010: 0021f2b3
  00000014: 0020e333
  00000018: 10000393
  0000001c: 0033a023
  00000020: 0003a403
  00000024: 00300493
  00000028: fff48493
  0000002c: fe049ee3
  00000030: 00000063
  00000100: 0000001e


=== Ciclo 146 ===
Estágios do Pipeline:
  IF: NOP
  ID: BNE
  EX: NOP
  MEM: NOP

Registradores:
  x 0:00000000 x 1:0000000a x 2:00000014 x 3:0000001e x 4:00000014 x 5:00000014 x 6:0000001e x 7:00000100
  x 8:0000001e x 9:00000002 x10:00000000 x11:00000000 x12:00000000 x13:00000000 x14:00000000 x15:00000000
  x16:00000000 x17:00000000 x18:00000000 x19:00000000 x20:00000000 x21:00000000 x22:00000000 x23:00000000
  x24:00000000 x25:00000000 x26:00000000 x27:00000000 x28:00000000 x29:00000000 x30:00000000 x31:00000000

Memória (posições preenchidas):
  00000000: 00a00093
  00000004: 01400113
  00000008: 002081b3
  0000000c: 40118233
  00000010: 0021f2b3
  00000014: 0020e333
  00000018: 10000393
  0000001c: 0033a023
  00000020: 0003a403
  00000024: 00300493
  00000028: fff48493
  0000002c: fe049ee3
  00000030: 00000063
  00000100: 0000001e


=== Ciclo 147 ===
Estágios do Pipeline:
  IF: NOP
  ID: NOP
  EX: BNE
  MEM: NOP

Registradores:
  x 0:00000000 x 1:0000000a x 2:00000014 x 3:0000001e x 4:00000014 x 5:00000014 x 6:0000001e x 7:00000100
  x 8:0000001e x 9:00000002 x10:00000000 x11:00000000 x12:00000000 x13:00000000 x14:00000000 x15:00000000
  x16:00000000 x17:00000000 x18:00000000 x19:00000000 x20:00000000 x21:00000000 x22:00000000 x23:00000000
  x24:00000000 x25:00000000 x26:00000000 x27:00000000 x28:00000000 x29:00000000 x30:00000000 x31:00000000

Memória (posições preenchidas):
  00000000: 00a00093
  00000004: 01400113
  00000008: 002081b3
  0000000c: 40118233
  00000010: 0021f2b3
  00000014: 0020e333
  00000018: 10000393
  0000001c: 0033a023
  00000020: 0003a403
  00000024: 00300493
  00000028: fff48493
  0000002c: fe049ee3
  00000030: 00000063
  00000100: 0000001e


=== Ciclo 148 ===
Estágios do Pipeline:
  IF: NOP
  ID: NOP
  EX: NOP
  MEM: BNE

Registradores:
  x 0:00000000 x 1:0000000a x 2:00000014 x 3:0000001e x 4:00000014 x 5:00000014 x 6:0000001e x 7:00000100
  x 8:0000001e x 9:00000002 x10:00000000 x11:00000000 x12:00000000 x13:00000000 x14:00000000 x15:00000000
  x16:00000000 x17:00000000 x18:00000000 x19:00000000 x20:00000000 x21:00000000 x22:00000000 x23:00000000
  x24:00000000 x25:00000000 x26:00000000 x27:00000000 x28:00000000 x29:00000000 x30:00000000 x31:00000000

Memória (posições preenchidas):
  00000000: 00a00093
  00000004: 01400113
  00000008: 002081b3
  0000000c: 40118233
  00000010: 0021f2b3
  00000014: 0020e333
  00000018: 10000393
  0000001c: 0033a023
  00000020: 0003a403
  00000024: 00300493
  00000028: fff48493
  0000002c: fe049ee3
  00000030: 00000063
  00000100: 0000001e


=== Ciclo 149 ===
Estágios do Pipeline:
  IF: NOP
  ID: BNE
  EX: NOP
  MEM: NOP

Registradores:
  x 0:00000000 x 1:0000000a x 2:00000014 x 3:0000001e x 4:00000014 x 5:00000014 x 6:0000001e x 7:00000100
  x 8:0000001e x 9:00000002 x10:00000000 x11:00000000 x12:00000000 x13:00000000 x14:00000000 x15:00000000
  x16:00000000 x17:00000000 x18:00000000 x19:00000000 x20:00000000 x21:00000000 x22:00000000 x23:00000000
  x24:00000000 x25:00000000 x26:00000000 x27:00000000 x28:00000000 x29:00000000 x30:00000000 x31:00000000

Memória (posições preenchidas):
  00000000: 00a00093
  00000004: 01400113
  00000008: 002081b3
  0000000c: 40118233
  00000010: 0021f2b3
  00000014: 0020e333
  00000018: 10000393
  0000001c: 0033a023
  00000020: 0003a403
  00000024: 00300493
  00000028: fff48493
  0000002c: fe049ee3
  00000030: 00000063
  00000100: 0000001e


=== Ciclo 150 ===
Estágios do Pipeline:
  IF: NOP
  ID: NOP
  EX: BNE
  MEM: NOP

Registradores:
  x 0:00000000 x 1:0000000a x 2:00000014 x 3:0000001e x 4:00000014 x 5:00000014 x 6:0000001e x 7:00000100
  x 8:0000001e x 9:00000002 x10:00000000 x11:00000000 x12:00000000 x13:00000000 x14:00000000 x15:00000000
  x16:00000000 x17:00000000 x18:00000000 x19:00000000 x20:00000000 x21:00000000 x22:00000000 x23:00000000
  x24:00000000 x25:00000000 x26:00000000 x27:00000000 x28:00000000 x29:00000000 x30:00000000 x31:00000000

Memória (posições preenchidas):
  00000000: 00a00093
  00000004: 01400113
  00000008: 002081b3
  0000000c: 40118233
  00000010: 0021f2b3
  00000014: 0020e333
  00000018: 10000393
  0000001c: 0033a023
  00000020: 0003a403
  00000024: 00300493
  00000028: fff48493
  0000002c: fe049ee3
  00000030: 00000063
  00000100: 0000001e


=== Ciclo 151 ===
Estágios do Pipeline:
  IF: NOP
  ID: NOP
  EX: NOP
  MEM: BNE

Registradores:
  x 0:00000000 x 1:0000000a x 2:00000014 x 3:0000001e x 4:00000014 x 5:00000014 x 6:0000001e x 7:00000100
  x 8:0000001e x 9:00000002 x10:00000000 x11:00000000 x12:00000000 x13:00000000 x14:00000000 x15:00000000
  x16:00000000 x17:00000000 x18:00000000 x19:00000000 x20:00000000 x21:00000000 x22:00000000 x23:00000000
  x24:00000000 x25:00000000 x26:00000000 x27:00000000 x28:00000000 x29:00000000 x30:00000000 x31:00000000

Memória (posições preenchidas):
  00000000: 00a00093
  00000004: 01400113
  00000008: 002081b3
  0000000c: 40118233
  00000010: 0021f2b3
  00000014: 0020e333
  00000018: 10000393
  0000001c: 0033a023
  00000020: 0003a403
  00000024: 00300493
  00000028: fff48493
  0000002c: fe049ee3
  00000030: 00000063
  00000100: 0000001e


=== Ciclo 152 ===
Estágios do Pipeline:
  IF: NOP
  ID: BNE
  EX: NOP
  MEM: NOP

Registradores:
  x 0:00000000 x 1:0000000a x 2:00000014 x 3:0000001e x 4:00000014 x 5:00000014 x 6:0000001e x 7:00000100
  x 8:0000001e x 9:00000002 x10:00000000 x11:00000000 x12:00000000 x13:00000000 x14:00000000 x15:00000000
  x16:00000000 x17:00000000 x18:00000000 x19:00000000 x20:00000000 x21:00000000 x22:00000000 x23:00000000
  x24:00000000 x25:00000000 x26:00000000 x27:00000000 x28:00000000 x29:00000000 x30:00000000 x31:00000000

Memória (posições preenchidas):
  00000000: 00a00093
  00000004: 01400113
  00000008: 002081b3
  0000000c: 40118233
  00000010: 0021f2b3
  00000014: 0020e333
  00000018: 10000393
  0000001c: 0033a023
  00000020: 0003a403
  00000024: 00300493
  00000028: fff48493
  0000002c: fe049ee3
  00000030: 00000063
  00000100: 0000001e


=== Ciclo 153 ===
Estágios do Pipeline:
  IF: NOP
  ID: NOP
  EX: BNE
  MEM: NOP

Registradores:
  x 0:00000000 x 1:0000000a x 2:00000014 x 3:0000001e x 4:00000014 x 5:00000014 x 6:0000001e x 7:00000100
  x 8:0000001e x 9:00000002 x10:00000000 x11:00000000 x12:00000000 x13:00000000 x14:00000000 x15:00000000
  x16:00000000 x17:00000000 x18:00000000 x19:00000000 x20:00000000 x21:00000000 x22:00000000 x23:00000000
  x24:00000000 x25:00000000 x26:00000000 x27:00000000 x28:00000000 x29:00000000 x30:00000000 x31:00000000

Memória (posições preenchidas):
  00000000: 00a00093
  00000004: 01400113
  00000008: 002081b3
  0000000c: 40118233
  00000010: 0021f2b3
  00000014: 0020e333
  00000018: 10000393
  0000001c: 0033a023
  00000020: 0003a403
  00000024: 00300493
  00000028: fff48493
  0000002c: fe049ee3
  00000030: 00000063
  00000100: 0000001e


=== Ciclo 154 ===
Estágios do Pipeline:
  IF: NOP
  ID: NOP
  EX: NOP
  MEM: BNE

Registradores:
  x 0:00000000 x 1:0000000a x 2:00000014 x 3:0000001e x 4:00000014 x 5:00000014 x 6:0000001e x 7:00000100
  x 8:0000001e x 9:00000002 x10:00000000 x11:00000000 x12:00000000 x13:00000000 x14:00000000 x15:00000000
  x16:00000000 x17:00000000 x18:00000000 x19:00000000 x20:00000000 x21:00000000 x22:00000000 x23:00000000
  x24:00000000 x25:00000000 x26:00000000 x27:00000000 x28:00000000 x29:00000000 x30:00000000 x31:00000000

Memória (posições preenchidas):
  00000000: 00a00093
  00000004: 01400113
  00000008: 002081b3
  0000000c: 40118233
  00000010: 0021f2b3
  00000014: 0020e333
  00000018: 10000393
  0000001c: 0033a023
  00000020: 0003a403
  00000024: 00300493
  00000028: fff48493
  0000002c: fe049ee3
  00000030: 00000063
  00000100: 0000001e


=== Ciclo 155 ===
Estágios do Pipeline:
  IF: NOP
  ID: BNE
  EX: NOP
  MEM: NOP

Registradores:
  x 0:00000000 x 1:0000000a x 2:00000014 x 3:0000001e x 4:00000014 x 5:00000014 x 6:0000001e x 7:00000100
  x 8:0000001e x 9:00000002 x10:00000000 x11:00000000 x12:00000000 x13:00000000 x14:00000000 x15:00000000
  x16:00000000 x17:00000000 x18:00000000 x19:00000000 x20:00000000 x21:00000000 x22:00000000 x23:00000000
  x24:00000000 x25:00000000 x26:00000000 x27:00000000 x28:00000000 x29:00000000 x30:00000000 x31:00000000

Memória (posições preenchidas):
  00000000: 00a00093
  00000004: 01400113
  00000008: 002081b3
  0000000c: 40118233
  00000010: 0021f2b3
  00000014: 0020e333
  00000018: 10000393
  0000001c: 0033a023
  00000020: 0003a403
  00000024: 00300493
  00000028: fff48493
  0000002c: fe049ee3
  00000030: 00000063
  00000100: 0000001e


=== Ciclo 156 ===
Estágios do Pipeline:
  IF: NOP
  ID: NOP
  EX: BNE
  MEM: NOP

Registradores:
  x 0:00000000 x 1:0000000a x 2:00000014 x 3:0000001e x 4:00000014 x 5:00000014 x 6:0000001e x 7:00000100
  x 8:0000001e x 9:00000002 x10:00000000 x11:00000000 x12:00000000 x13:00000000 x14:00000000 x15:00000000
  x16:00000000 x17:00000000 x18:00000000 x19:00000000 x20:00000000 x21:00000000 x22:00000000 x23:00000000
  x24:00000000 x25:00000000 x26:00000000 x27:00000000 x28:00000000 x29:00000000 x30:00000000 x31:00000000

Memória (posições preenchidas):
  00000000: 00a00093
  00000004: 01400113
  00000008: 002081b3
  0000000c: 40118233
  00000010: 0021f2b3
  00000014: 0020e333
  00000018: 10000393
  0000001c: 0033a023
  00000020: 0003a403
  00000024: 00300493
  00000028: fff48493
  0000002c: fe049ee3
  00000030: 00000063
  00000100: 0000001e


=== Ciclo 157 ===
Estágios do Pipeline:
  IF: NOP
  ID: NOP
  EX: NOP
  MEM: BNE

Registradores:
  x 0:00000000 x 1:0000000a x 2:00000014 x 3:0000001e x 4:00000014 x 5:00000014 x 6:0000001e x 7:00000100
  x 8:0000001e x 9:00000002 x10:00000000 x11:00000000 x12:00000000 x13:00000000 x14:00000000 x15:00000000
  x16:00000000 x17:00000000 x18:00000000 x19:00000000 x20:00000000 x21:00000000 x22:00000000 x23:00000000
  x24:00000000 x25:00000000 x26:00000000 x27:00000000 x28:00000000 x29:00000000 x30:00000000 x31:00000000

Memória (posições preenchidas):
  00000000: 00a00093
  00000004: 01400113
  00000008: 002081b3
  0000000c: 40118233
  00000010: 0021f2b3
  00000014: 0020e333
  00000018: 10000393
  0000001c: 0033a023
  00000020: 0003a403
  00000024: 00300493
  00000028: fff48493
  0000002c: fe049ee3
  00000030: 00000063
  00000100: 0000001e


=== Ciclo 158 ===
Estágios do Pipeline:
  IF: NOP
  ID: BNE
  EX: NOP
  MEM: NOP

Registradores:
  x 0:00000000 x 1:0000000a x 2:00000014 x 3:0000001e x 4:00000014 x 5:00000014 x 6:0000001e x 7:00000100
  x 8:0000001e x 9:00000002 x10:00000000 x11:00000000 x12:00000000 x13:00000000 x14:00000000 x15:00000000
  x16:00000000 x17:00000000 x18:00000000 x19:00000000 x20:00000000 x21:00000000 x22:00000000 x23:00000000
  x24:00000000 x25:00000000 x26:00000000 x27:00000000 x28:00000000 x29:00000000 x30:00000000 x31:00000000

Memória (posições preenchidas):
  00000000: 00a00093
  00000004: 01400113
  00000008: 002081b3
  0000000c: 40118233
  00000010: 0021f2b3
  00000014: 0020e333
  00000018: 10000393
  0000001c: 0033a023
  00000020: 0003a403
  00000024: 00300493
  00000028: fff48493
  0000002c: fe049ee3
  00000030: 00000063
  00000100: 0000001e


=== Ciclo 159 ===
Estágios do Pipeline:
  IF: NOP
  ID: NOP
  EX: BNE
  MEM: NOP

Registradores:
  x 0:00000000 x 1:0000000a x 2:00000014 x 3:0000001e x 4:00000014 x 5:00000014 x 6:0000001e x 7:00000100
  x 8:0000001e x 9:00000002 x10:00000000 x11:00000000 x12:00000000 x13:00000000 x14:00000000 x15:00000000
  x16:00000000 x17:00000000 x18:00000000 x19:00000000 x20:00000000 x21:00000000 x22:00000000 x23:00000000
  x24:00000000 x25:00000000 x26:00000000 x27:00000000 x28:00000000 x29:00000000 x30:00000000 x31:00000000

Memória (posições preenchidas):
  00000000: 00a00093
  00000004: 01400113
  00000008: 002081b3
  0000000c: 40118233
  00000010: 0021f2b3
  00000014: 0020e333
  00000018: 10000393
  0000001c: 0033a023
  00000020: 0003a403
  00000024: 00300493
  00000028: fff48493
  0000002c: fe049ee3
  00000030: 00000063
  00000100: 0000001e


=== Ciclo 160 ===
Estágios do Pipeline:
  IF: NOP
  ID: NOP
  EX: NOP
  MEM: BNE

Registradores:
  x 0:00000000 x 1:0000000a x 2:00000014 x 3:0000001e x 4:00000014 x 5:00000014 x 6:0000001e x 7:00000100
  x 8:0000001e x 9:00000002 x10:00000000 x11:00000000 x12:00000000 x13:00000000 x14:00000000 x15:00000000
  x16:00000000 x17:00000000 x18:00000000 x19:00000000 x20:00000000 x21:00000000 x22:00000000 x23:00000000
  x24:00000000 x25:00000000 x26:00000000 x27:00000000 x28:00000000 x29:00000000 x30:00000000 x31:00000000

Memória (posições preenchidas):
  00000000: 00a00093
  00000004: 01400113
  00000008: 002081b3
  0000000c: 40118233
  00000010: 0021f2b3
  00000014: 0020e333
  00000018: 10000393
  0000001c: 0033a023
  00000020: 0003a403
  00000024: 00300493
  00000028: fff48493
  0000002c: fe049ee3
  00000030: 00000063
  00000100: 0000001e


=== Ciclo 161 ===
Estágios do Pipeline:
  IF: NOP
  ID: BNE
  EX: NOP
  MEM: NOP

Registradores:
  x 0:00000000 x 1:0000000a x 2:00000014 x 3:0000001e x 4:00000014 x 5:00000014 x 6:0000001e x 7:00000100
  x 8:0000001e x 9:00000002 x10:00000000 x11:00000000 x12:00000000 x13:00000000 x14:00000000 x15:00000000
  x16:00000000 x17:00000000 x18:00000000 x19:00000000 x20:00000000 x21:00000000 x22:00000000 x23:00000000
  x24:00000000 x25:00000000 x26:00000000 x27:00000000 x28:00000000 x29:00000000 x30:00000000 x31:00000000

Memória (posições preenchidas):
  00000000: 00a00093
  00000004: 01400113
  00000008: 002081b3
  0000000c: 40118233
  00000010: 0021f2b3
  00000014: 0020e333
  00000018: 10000393
  0000001c: 0033a023
  00000020: 0003a403
  00000024: 00300493
  00000028: fff48493
  0000002c: fe049ee3
  00000030: 00000063
  00000100: 0000001e


=== Ciclo 162 ===
Estágios do Pipeline:
  IF: NOP
  ID: NOP
  EX: BNE
  MEM: NOP

Registradores:
  x 0:00000000 x 1:0000000a x 2:00000014 x 3:0000001e x 4:00000014 x 5:00000014 x 6:0000001e x 7:00000100
  x 8:0000001e x 9:00000002 x10:00000000 x11:00000000 x12:00000000 x13:00000000 x14:00000000 x15:00000000
  x16:00000000 x17:00000000 x18:00000000 x19:00000000 x20:00000000 x21:00000000 x22:00000000 x23:00000000
  x24:00000000 x25:00000000 x26:00000000 x27:00000000 x28:00000000 x29:00000000 x30:00000000 x31:00000000

Memória (posições preenchidas):
  00000000: 00a00093
  00000004: 01400113
  00000008: 002081b3
  0000000c: 40118233
  00000010: 0021f2b3
  00000014: 0020e333
  00000018: 10000393
  0000001c: 0033a023
  00000020: 0003a403
  00000024: 00300493
  00000028: fff48493
  0000002c: fe049ee3
  00000030: 00000063
  00000100: 0000001e


=== Ciclo 163 ===
Estágios do Pipeline:
  IF: NOP
  ID: NOP
  EX: NOP
  MEM: BNE

Registradores:
  x 0:00000000 x 1:0000000a x 2:00000014 x 3:0000001e x 4:00000014 x 5:00000014 x 6:0000001e x 7:00000100
  x 8:0000001e x 9:00000002 x10:00000000 x11:00000000 x12:00000000 x13:00000000 x14:00000000 x15:00000000
  x16:00000000 x17:00000000 x18:00000000 x19:00000000 x20:00000000 x21:00000000 x22:00000000 x23:00000000
  x24:00000000 x25:00000000 x26:00000000 x27:00000000 x28:00000000 x29:00000000 x30:00000000 x31:00000000

Memória (posições preenchidas):
  00000000: 00a00093
  00000004: 01400113
  00000008: 002081b3
  0000000c: 40118233
  00000010: 0021f2b3
  00000014: 0020e333
  00000018: 10000393
  0000001c: 0033a023
  00000020: 0003a403
  00000024: 00300493
  00000028: fff48493
  0000002c: fe049ee3
  00000030: 00000063
  00000100: 0000001e


=== Ciclo 164 ===
Estágios do Pipeline:
  IF: NOP
  ID: BNE
  EX: NOP
  MEM: NOP

Registradores:
  x 0:00000000 x 1:0000000a x 2:00000014 x 3:0000001e x 4:00000014 x 5:00000014 x 6:0000001e x 7:00000100
  x 8:0000001e x 9:00000002 x10:00000000 x11:00000000 x12:00000000 x13:00000000 x14:00000000 x15:00000000
  x16:00000000 x17:00000000 x18:00000000 x19:00000000 x20:00000000 x21:00000000 x22:00000000 x23:00000000
  x24:00000000 x25:00000000 x26:00000000 x27:00000000 x28:00000000 x29:00000000 x30:00000000 x31:00000000

Memória (posições preenchidas):
  00000000: 00a00093
  00000004: 01400113
  00000008: 002081b3
  0000000c: 40118233
  00000010: 0021f2b3
  00000014: 0020e333
  00000018: 10000393
  0000001c: 0033a023
  00000020: 0003a403
  00000024: 00300493
  00000028: fff48493
  0000002c: fe049ee3
  00000030: 00000063
  00000100: 0000001e


=== Ciclo 165 ===
Estágios do Pipeline:
  IF: NOP
  ID: NOP
  EX: BNE
  MEM: NOP

Registradores:
  x 0:00000000 x 1:0000000a x 2:00000014 x 3:0000001e x 4:00000014 x 5:00000014 x 6:0000001e x 7:00000100
  x 8:0000001e x 9:00000002 x10:00000000 x11:00000000 x12:00000000 x13:00000000 x14:00000000 x15:00000000
  x16:00000000 x17:00000000 x18:00000000 x19:00000000 x20:00000000 x21:00000000 x22:00000000 x23:00000000
  x24:00000000 x25:00000000 x26:00000000 x27:00000000 x28:00000000 x29:00000000 x30:00000000 x31:00000000

Memória (posições preenchidas):
  00000000: 00a00093
  00000004: 01400113
  00000008: 002081b3
  0000000c: 40118233
  00000010: 0021f2b3
  00000014: 0020e333
  00000018: 10000393
  0000001c: 0033a023
  00000020: 0003a403
  00000024: 00300493
  00000028: fff48493
  0000002c: fe049ee3
  00000030: 00000063
  00000100: 0000001e


=== Ciclo 166 ===
Estágios do Pipeline:
  IF: NOP
  ID: NOP
  EX: NOP
  MEM: BNE

Registradores:
  x 0:00000000 x 1:0000000a x 2:00000014 x 3:0000001e x 4:00000014 x 5:00000014 x 6:0000001e x 7:00000100
  x 8:0000001e x 9:00000002 x10:00000000 x11:00000000 x12:00000000 x13:00000000 x14:00000000 x15:00000000
  x16:00000000 x17:00000000 x18:00000000 x19:00000000 x20:00000000 x21:00000000 x22:00000000 x23:00000000
  x24:00000000 x25:00000000 x26:00000000 x27:00000000 x28:00000000 x29:00000000 x30:00000000 x31:00000000

Memória (posições preenchidas):
  00000000: 00a00093
  00000004: 01400113
  00000008: 002081b3
  0000000c: 40118233
  00000010: 0021f2b3
  00000014: 0020e333
  00000018: 10000393
  0000001c: 0033a023
  00000020: 0003a403
  00000024: 00300493
  00000028: fff48493
  0000002c: fe049ee3
  00000030: 00000063
  00000100: 0000001e


=== Ciclo 167 ===
Estágios do Pipeline:
  IF: NOP
  ID: BNE
  EX: NOP
  MEM: NOP

Registradores:
  x 0:00000000 x 1:0000000a x 2:00000014 x 3:0000001e x 4:00000014 x 5:00000014 x 6:0000001e x 7:00000100
  x 8:0000001e x 9:00000002 x10:00000000 x11:00000000 x12:00000000 x13:00000000 x14:00000000 x15:00000000
  x16:00000000 x17:00000000 x18:00000000 x19:00000000 x20:00000000 x21:00000000 x22:00000000 x23:00000000
  x24:00000000 x25:00000000 x26:00000000 x27:00000000 x28:00000000 x29:00000000 x30:00000000 x31:00000000

Memória (posições preenchidas):
  00000000: 00a00093
  00000004: 01400113
  00000008: 002081b3
  0000000c: 40118233
  00000010: 0021f2b3
  00000014: 0020e333
  00000018: 10000393
  0000001c: 0033a023
  00000020: 0003a403
  00000024: 00300493
  00000028: fff48493
  0000002c: fe049ee3
  00000030: 00000063
  00000100: 0000001e


=== Ciclo 168 ===
Estágios do Pipeline:
  IF: NOP
  ID: NOP
  EX: BNE
  MEM: NOP

Registradores:
  x 0:00000000 x 1:0000000a x 2:00000014 x 3:0000001e x 4:00000014 x 5:00000014 x 6:0000001e x 7:00000100
  x 8:0000001e x 9:00000002 x10:00000000 x11:00000000 x12:00000000 x13:00000000 x14:00000000 x15:00000000
  x16:00000000 x17:00000000 x18:00000000 x19:00000000 x20:00000000 x21:00000000 x22:00000000 x23:00000000
  x24:00000000 x25:00000000 x26:00000000 x27:00000000 x28:00000000 x29:00000000 x30:00000000 x31:00000000

Memória (posições preenchidas):
  00000000: 00a00093
  00000004: 01400113
  00000008: 002081b3
  0000000c: 40118233
  00000010: 0021f2b3
  00000014: 0020e333
  00000018: 10000393
  0000001c: 0033a023
  00000020: 0003a403
  00000024: 00300493
  00000028: fff48493
  0000002c: fe049ee3
  00000030: 00000063
  00000100: 0000001e


=== Ciclo 169 ===
Estágios do Pipeline:
  IF: NOP
  ID: NOP
  EX: NOP
  MEM: BNE

Registradores:
  x 0:00000000 x 1:0000000a x 2:00000014 x 3:0000001e x 4:00000014 x 5:00000014 x 6:0000001e x 7:00000100
  x 8:0000001e x 9:00000002 x10:00000000 x11:00000000 x12:00000000 x13:00000000 x14:00000000 x15:00000000
  x16:00000000 x17:00000000 x18:00000000 x19:00000000 x20:00000000 x21:00000000 x22:00000000 x23:00000000
  x24:00000000 x25:00000000 x26:00000000 x27:00000000 x28:00000000 x29:00000000 x30:00000000 x31:00000000

Memória (posições preenchidas):
  00000000: 00a00093
  00000004: 01400113
  00000008: 002081b3
  0000000c: 40118233
  00000010: 0021f2b3
  00000014: 0020e333
  00000018: 10000393
  0000001c: 0033a023
  00000020: 0003a403
  00000024: 00300493
  00000028: fff48493
  0000002c: fe049ee3
  00000030: 00000063
  00000100: 0000001e


=== Ciclo 170 ===
Estágios do Pipeline:
  IF: NOP
  ID: BNE
  EX: NOP
  MEM: NOP

Registradores:
  x 0:00000000 x 1:0000000a x 2:00000014 x 3:0000001e x 4:00000014 x 5:00000014 x 6:0000001e x 7:00000100
  x 8:0000001e x 9:00000002 x10:00000000 x11:00000000 x12:00000000 x13:00000000 x14:00000000 x15:00000000
  x16:00000000 x17:00000000 x18:00000000 x19:00000000 x20:00000000 x21:00000000 x22:00000000 x23:00000000
  x24:00000000 x25:00000000 x26:00000000 x27:00000000 x28:00000000 x29:00000000 x30:00000000 x31:00000000

Memória (posições preenchidas):
  00000000: 00a00093
  00000004: 01400113
  00000008: 002081b3
  0000000c: 40118233
  00000010: 0021f2b3
  00000014: 0020e333
  00000018: 10000393
  0000001c: 0033a023
  00000020: 0003a403
  00000024: 00300493
  00000028: fff48493
  0000002c: fe049ee3
  00000030: 00000063
  00000100: 0000001e


=== Ciclo 171 ===
Estágios do Pipeline:
  IF: NOP
  ID: NOP
  EX: BNE
  MEM: NOP

Registradores:
  x 0:00000000 x 1:0000000a x 2:00000014 x 3:0000001e x 4:00000014 x 5:00000014 x 6:0000001e x 7:00000100
  x 8:0000001e x 9:00000002 x10:00000000 x11:00000000 x12:00000000 x13:00000000 x14:00000000 x15:00000000
  x16:00000000 x17:00000000 x18:00000000 x19:00000000 x20:00000000 x21:00000000 x22:00000000 x23:00000000
  x24:00000000 x25:00000000 x26:00000000 x27:00000000 x28:00000000 x29:00000000 x30:00000000 x31:00000000

Memória (posições preenchidas):
  00000000: 00a00093
  00000004: 01400113
  00000008: 002081b3
  0000000c: 40118233
  00000010: 0021f2b3
  00000014: 0020e333
  00000018: 10000393
  0000001c: 0033a023
  00000020: 0003a403
  00000024: 00300493
  00000028: fff48493
  0000002c: fe049ee3
  00000030: 00000063
  00000100: 0000001e


=== Ciclo 172 ===
Estágios do Pipeline:
  IF: NOP
  ID: NOP
  EX: NOP
  MEM: BNE

Registradores:
  x 0:00000000 x 1:0000000a x 2:00000014 x 3:0000001e x 4:00000014 x 5:00000014 x 6:0000001e x 7:00000100
  x 8:0000001e x 9:00000002 x10:00000000 x11:00000000 x12:00000000 x13:00000000 x14:00000000 x15:00000000
  x16:00000000 x17:00000000 x18:00000000 x19:00000000 x20:00000000 x21:00000000 x22:00000000 x23:00000000
  x24:00000000 x25:00000000 x26:00000000 x27:00000000 x28:00000000 x29:00000000 x30:00000000 x31:00000000

Memória (posições preenchidas):
  00000000: 00a00093
  00000004: 01400113
  00000008: 002081b3
  0000000c: 40118233
  00000010: 0021f2b3
  00000014: 0020e333
  00000018: 10000393
  0000001c: 0033a023
  00000020: 0003a403
  00000024: 00300493
  00000028: fff48493
  0000002c: fe049ee3
  00000030: 00000063
  00000100: 0000001e


=== Ciclo 173 ===
Estágios do Pipeline:
  IF: NOP
  ID: BNE
  EX: NOP
  MEM: NOP

Registradores:
  x 0:00000000 x 1:0000000a x 2:00000014 x 3:0000001e x 4:00000014 x 5:00000014 x 6:0000001e x 7:00000100
  x 8:0000001e x 9:00000002 x10:00000000 x11:00000000 x12:00000000 x13:00000000 x14:00000000 x15:00000000
  x16:00000000 x17:00000000 x18:00000000 x19:00000000 x20:00000000 x21:00000000 x22:00000000 x23:00000000
  x24:00000000 x25:00000000 x26:00000000 x27:00000000 x28:00000000 x29:00000000 x30:00000000 x31:00000000

Memória (posições preenchidas):
  00000000: 00a00093
  00000004: 01400113
  00000008: 002081b3
  0000000c: 40118233
  00000010: 0021f2b3
  00000014: 0020e333
  00000018: 10000393
  0000001c: 0033a023
  00000020: 0003a403
  00000024: 00300493
  00000028: fff48493
  0000002c: fe049ee3
  00000030: 00000063
  00000100: 0000001e


=== Ciclo 174 ===
Estágios do Pipeline:
  IF: NOP
  ID: NOP
  EX: BNE
  MEM: NOP

Registradores:
  x 0:00000000 x 1:0000000a x 2:00000014 x 3:0000001e x 4:00000014 x 5:00000014 x 6:0000001e x 7:00000100
  x 8:0000001e x 9:00000002 x10:00000000 x11:00000000 x12:00000000 x13:00000000 x14:00000000 x15:00000000
  x16:00000000 x17:00000000 x18:00000000 x19:00000000 x20:00000000 x21:00000000 x22:00000000 x23:00000000
  x24:00000000 x25:00000000 x26:00000000 x27:00000000 x28:00000000 x29:00000000 x30:00000000 x31:00000000

Memória (posições preenchidas):
  00000000: 00a00093
  00000004: 01400113
  00000008: 002081b3
  0000000c: 40118233
  00000010: 0021f2b3
  00000014: 0020e333
  00000018: 10000393
  0000001c: 0033a023
  00000020: 0003a403
  00000024: 00300493
  00000028: fff48493
  0000002c: fe049ee3
  00000030: 00000063
  00000100: 0000001e


=== Ciclo 175 ===
Estágios do Pipeline:
  IF: NOP
  ID: NOP
  EX: NOP
  MEM: BNE

Registradores:
  x 0:00000000 x 1:0000000a x 2:00000014 x 3:0000001e x 4:00000014 x 5:00000014 x 6:0000001e x 7:00000100
  x 8:0000001e x 9:00000002 x10:00000000 x11:00000000 x12:00000000 x13:00000000 x14:00000000 x15:00000000
  x16:00000000 x17:00000000 x18:00000000 x19:00000000 x20:00000000 x21:00000000 x22:00000000 x23:00000000
  x24:00000000 x25:00000000 x26:00000000 x27:00000000 x28:00000000 x29:00000000 x30:00000000 x31:00000000

Memória (posições preenchidas):
  00000000: 00a00093
  00000004: 01400113
  00000008: 002081b3
  0000000c: 40118233
  00000010: 0021f2b3
  00000014: 0020e333
  00000018: 10000393
  0000001c: 0033a023
  00000020: 0003a403
  00000024: 00300493
  00000028: fff48493
  0000002c: fe049ee3
  00000030: 00000063
  00000100: 0000001e


=== Ciclo 176 ===
Estágios do Pipeline:
  IF: NOP
  ID: BNE
  EX: NOP
  MEM: NOP

Registradores:
  x 0:00000000 x 1:0000000a x 2:00000014 x 3:0000001e x 4:00000014 x 5:00000014 x 6:0000001e x 7:00000100
  x 8:0000001e x 9:00000002 x10:00000000 x11:00000000 x12:00000000 x13:00000000 x14:00000000 x15:00000000
  x16:00000000 x17:00000000 x18:00000000 x19:00000000 x20:00000000 x21:00000000 x22:00000000 x23:00000000
  x24:00000000 x25:00000000 x26:00000000 x27:00000000 x28:00000000 x29:00000000 x30:00000000 x31:00000000

Memória (posições preenchidas):
  00000000: 00a00093
  00000004: 01400113
  00000008: 002081b3
  0000000c: 40118233
  00000010: 0021f2b3
  00000014: 0020e333
  00000018: 10000393
  0000001c: 0033a023
  00000020: 0003a403
  00000024: 00300493
  00000028: fff48493
  0000002c: fe049ee3
  00000030: 00000063
  00000100: 0000001e


=== Ciclo 177 ===
Estágios do Pipeline:
  IF: NOP
  ID: NOP
  EX: BNE
  MEM: NOP

Registradores:
  x 0:00000000 x 1:0000000a x 2:00000014 x 3:0000001e x 4:00000014 x 5:00000014 x 6:0000001e x 7:00000100
  x 8:0000001e x 9:00000002 x10:00000000 x11:00000000 x12:00000000 x13:00000000 x14:00000000 x15:00000000
  x16:00000000 x17:00000000 x18:00000000 x19:00000000 x20:00000000 x21:00000000 x22:00000000 x23:00000000
  x24:00000000 x25:00000000 x26:00000000 x27:00000000 x28:00000000 x29:00000000 x30:00000000 x31:00000000

Memória (posições preenchidas):
  00000000: 00a00093
  00000004: 01400113
  00000008: 002081b3
  0000000c: 40118233
  00000010: 0021f2b3
  00000014: 0020e333
  00000018: 10000393
  0000001c: 0033a023
  00000020: 0003a403
  00000024: 00300493
  00000028: fff48493
  0000002c: fe049ee3
  00000030: 00000063
  00000100: 0000001e


=== Ciclo 178 ===
Estágios do Pipeline:
  IF: NOP
  ID: NOP
  EX: NOP
  MEM: BNE

Registradores:
  x 0:00000000 x 1:0000000a x 2:00000014 x 3:0000001e x 4:00000014 x 5:00000014 x 6:0000001e x 7:00000100
  x 8:0000001e x 9:00000002 x10:00000000 x11:00000000 x12:00000000 x13:00000000 x14:00000000 x15:00000000
  x16:00000000 x17:00000000 x18:00000000 x19:00000000 x20:00000000 x21:00000000 x22:00000000 x23:00000000
  x24:00000000 x25:00000000 x26:00000000 x27:00000000 x28:00000000 x29:00000000 x30:00000000 x31:00000000

Memória (posições preenchidas):
  00000000: 00a00093
  00000004: 01400113
  00000008: 002081b3
  0000000c: 40118233
  00000010: 0021f2b3
  00000014: 0020e333
  00000018: 10000393
  0000001c: 0033a023
  00000020: 0003a403
  00000024: 00300493
  00000028: fff48493
  0000002c: fe049ee3
  00000030: 00000063
  00000100: 0000001e


=== Ciclo 179 ===
Estágios do Pipeline:
  IF: NOP
  ID: BNE
  EX: NOP
  MEM: NOP

Registradores:
  x 0:00000000 x 1:0000000a x 2:00000014 x 3:0000001e x 4:00000014 x 5:00000014 x 6:0000001e x 7:00000100
  x 8:0000001e x 9:00000002 x10:00000000 x11:00000000 x12:00000000 x13:00000000 x14:00000000 x15:00000000
  x16:00000000 x17:00000000 x18:00000000 x19:00000000 x20:00000000 x21:00000000 x22:00000000 x23:00000000
  x24:00000000 x25:00000000 x26:00000000 x27:00000000 x28:00000000 x29:00000000 x30:00000000 x31:00000000

Memória (posições preenchidas):
  00000000: 00a00093
  00000004: 01400113
  00000008: 002081b3
  0000000c: 40118233
  00000010: 0021f2b3
  00000014: 0020e333
  00000018: 10000393
  0000001c: 0033a023
  00000020: 0003a403
  00000024: 00300493
  00000028: fff48493
  0000002c: fe049ee3
  00000030: 00000063
  00000100: 0000001e


=== Ciclo 180 ===
Estágios do Pipeline:
  IF: NOP
  ID: NOP
  EX: BNE
  MEM: NOP

Registradores:
  x 0:00000000 x 1:0000000a x 2:00000014 x 3:0000001e x 4:00000014 x 5:00000014 x 6:0000001e x 7:00000100
  x 8:0000001e x 9:00000002 x10:00000000 x11:00000000 x12:00000000 x13:00000000 x14:00000000 x15:00000000
  x16:00000000 x17:00000000 x18:00000000 x19:00000000 x20:00000000 x21:00000000 x22:00000000 x23:00000000
  x24:00000000 x25:00000000 x26:00000000 x27:00000000 x28:00000000 x29:00000000 x30:00000000 x31:00000000

Memória (posições preenchidas):
  00000000: 00a00093
  00000004: 01400113
  00000008: 002081b3
  0000000c: 40118233
  00000010: 0021f2b3
  00000014: 0020e333
  00000018: 10000393
  0000001c: 0033a023
  00000020: 0003a403
  00000024: 00300493
  00000028: fff48493
  0000002c: fe049ee3
  00000030: 00000063
  00000100: 0000001e


=== Ciclo 181 ===
Estágios do Pipeline:
  IF: NOP
  ID: NOP
  EX: NOP
  MEM: BNE

Registradores:
  x 0:00000000 x 1:0000000a x 2:00000014 x 3:0000001e x 4:00000014 x 5:00000014 x 6:0000001e x 7:00000100
  x 8:0000001e x 9:00000002 x10:00000000 x11:00000000 x12:00000000 x13:00000000 x14:00000000 x15:00000000
  x16:00000000 x17:00000000 x18:00000000 x19:00000000 x20:00000000 x21:00000000 x22:00000000 x23:00000000
  x24:00000000 x25:00000000 x26:00000000 x27:00000000 x28:00000000 x29:00000000 x30:00000000 x31:00000000

Memória (posições preenchidas):
  00000000: 00a00093
  00000004: 01400113
  00000008: 002081b3
  0000000c: 40118233
  00000010: 0021f2b3
  00000014: 0020e333
  00000018: 10000393
  0000001c: 0033a023
  00000020: 0003a403
  00000024: 00300493
  00000028: fff48493
  0000002c: fe049ee3
  00000030: 00000063
  00000100: 0000001e


=== Ciclo 182 ===
Estágios do Pipeline:
  IF: NOP
  ID: BNE
  EX: NOP
  MEM: NOP

Registradores:
  x 0:00000000 x 1:0000000a x 2:00000014 x 3:0000001e x 4:00000014 x 5:00000014 x 6:0000001e x 7:00000100
  x 8:0000001e x 9:00000002 x10:00000000 x11:00000000 x12:00000000 x13:00000000 x14:00000000 x15:00000000
  x16:00000000 x17:00000000 x18:00000000 x19:00000000 x20:00000000 x21:00000000 x22:00000000 x23:00000000
  x24:00000000 x25:00000000 x26:00000000 x27:00000000 x28:00000000 x29:00000000 x30:00000000 x31:00000000

Memória (posições preenchidas):
  00000000: 00a00093
  00000004: 01400113
  00000008: 002081b3
  0000000c: 40118233
  00000010: 0021f2b3
  00000014: 0020e333
  00000018: 10000393
  0000001c: 0033a023
  00000020: 0003a403
  00000024: 00300493
  00000028: fff48493
  0000002c: fe049ee3
  00000030: 00000063
  00000100: 0000001e


=== Ciclo 183 ===
Estágios do Pipeline:
  IF: NOP
  ID: NOP
  EX: BNE
  MEM: NOP

Registradores:
  x 0:00000000 x 1:0000000a x 2:00000014 x 3:0000001e x 4:00000014 x 5:00000014 x 6:0000001e x 7:00000100
  x 8:0000001e x 9:00000002 x10:00000000 x11:00000000 x12:00000000 x13:00000000 x14:00000000 x15:00000000
  x16:00000000 x17:00000000 x18:00000000 x19:00000000 x20:00000000 x21:00000000 x22:00000000 x23:00000000
  x24:00000000 x25:00000000 x26:00000000 x27:00000000 x28:00000000 x29:00000000 x30:00000000 x31:00000000

Memória (posições preenchidas):
  00000000: 00a00093
  00000004: 01400113
  00000008: 002081b3
  0000000c: 40118233
  00000010: 0021f2b3
  00000014: 0020e333
  00000018: 10000393
  0000001c: 0033a023
  00000020: 0003a403
  00000024: 00300493
  00000028: fff48493
  0000002c: fe049ee3
  00000030: 00000063
  00000100: 0000001e


=== Ciclo 184 ===
Estágios do Pipeline:
  IF: NOP
  ID: NOP
  EX: NOP
  MEM: BNE

Registradores:
  x 0:00000000 x 1:0000000a x 2:00000014 x 3:0000001e x 4:00000014 x 5:00000014 x 6:0000001e x 7:00000100
  x 8:0000001e x 9:00000002 x10:00000000 x11:00000000 x12:00000000 x13:00000000 x14:00000000 x15:00000000
  x16:00000000 x17:00000000 x18:00000000 x19:00000000 x20:00000000 x21:00000000 x22:00000000 x23:00000000
  x24:00000000 x25:00000000 x26:00000000 x27:00000000 x28:00000000 x29:00000000 x30:00000000 x31:00000000

Memória (posições preenchidas):
  00000000: 00a00093
  00000004: 01400113
  00000008: 002081b3
  0000000c: 40118233
  00000010: 0021f2b3
  00000014: 0020e333
  00000018: 10000393
  0000001c: 0033a023
  00000020: 0003a403
  00000024: 00300493
  00000028: fff48493
  0000002c: fe049ee3
  00000030: 00000063
  00000100: 0000001e


=== Ciclo 185 ===
Estágios do Pipeline:
  IF: NOP
  ID: BNE
  EX: NOP
  MEM: NOP

Registradores:
  x 0:00000000 x 1:0000000a x 2:00000014 x 3:0000001e x 4:00000014 x 5:00000014 x 6:0000001e x 7:00000100
  x 8:0000001e x 9:00000002 x10:00000000 x11:00000000 x12:00000000 x13:00000000 x14:00000000 x15:00000000
  x16:00000000 x17:00000000 x18:00000000 x19:00000000 x20:00000000 x21:00000000 x22:00000000 x23:00000000
  x24:00000000 x25:00000000 x26:00000000 x27:00000000 x28:00000000 x29:00000000 x30:00000000 x31:00000000

Memória (posições preenchidas):
  00000000: 00a00093
  00000004: 01400113
  00000008: 002081b3
  0000000c: 40118233
  00000010: 0021f2b3
  00000014: 0020e333
  00000018: 10000393
  0000001c: 0033a023
  00000020: 0003a403
  00000024: 00300493
  00000028: fff48493
  0000002c: fe049ee3
  00000030: 00000063
  00000100: 0000001e


=== Ciclo 186 ===
Estágios do Pipeline:
  IF: NOP
  ID: NOP
  EX: BNE
  MEM: NOP

Registradores:
  x 0:00000000 x 1:0000000a x 2:00000014 x 3:0000001e x 4:00000014 x 5:00000014 x 6:0000001e x 7:00000100
  x 8:0000001e x 9:00000002 x10:00000000 x11:00000000 x12:00000000 x13:00000000 x14:00000000 x15:00000000
  x16:00000000 x17:00000000 x18:00000000 x19:00000000 x20:00000000 x21:00000000 x22:00000000 x23:00000000
  x24:00000000 x25:00000000 x26:00000000 x27:00000000 x28:00000000 x29:00000000 x30:00000000 x31:00000000

Memória (posições preenchidas):
  00000000: 00a00093
  00000004: 01400113
  00000008: 002081b3
  0000000c: 40118233
  00000010: 0021f2b3
  00000014: 0020e333
  00000018: 10000393
  0000001c: 0033a023
  00000020: 0003a403
  00000024: 00300493
  00000028: fff48493
  0000002c: fe049ee3
  00000030: 00000063
  00000100: 0000001e


=== Ciclo 187 ===
Estágios do Pipeline:
  IF: NOP
  ID: NOP
  EX: NOP
  MEM: BNE

Registradores:
  x 0:00000000 x 1:0000000a x 2:00000014 x 3:0000001e x 4:00000014 x 5:00000014 x 6:0000001e x 7:00000100
  x 8:0000001e x 9:00000002 x10:00000000 x11:00000000 x12:00000000 x13:00000000 x14:00000000 x15:00000000
  x16:00000000 x17:00000000 x18:00000000 x19:00000000 x20:00000000 x21:00000000 x22:00000000 x23:00000000
  x24:00000000 x25:00000000 x26:00000000 x27:00000000 x28:00000000 x29:00000000 x30:00000000 x31:00000000

Memória (posições preenchidas):
  00000000: 00a00093
  00000004: 01400113
  00000008: 002081b3
  0000000c: 40118233
  00000010: 0021f2b3
  00000014: 0020e333
  00000018: 10000393
  0000001c: 0033a023
  00000020: 0003a403
  00000024: 00300493
  00000028: fff48493
  0000002c: fe049ee3
  00000030: 00000063
  00000100: 0000001e


=== Ciclo 188 ===
Estágios do Pipeline:
  IF: NOP
  ID: BNE
  EX: NOP
  MEM: NOP

Registradores:
  x 0:00000000 x 1:0000000a x 2:00000014 x 3:0000001e x 4:00000014 x 5:00000014 x 6:0000001e x 7:00000100
  x 8:0000001e x 9:00000002 x10:00000000 x11:00000000 x12:00000000 x13:00000000 x14:00000000 x15:00000000
  x16:00000000 x17:00000000 x18:00000000 x19:00000000 x20:00000000 x21:00000000 x22:00000000 x23:00000000
  x24:00000000 x25:00000000 x26:00000000 x27:00000000 x28:00000000 x29:00000000 x30:00000000 x31:00000000

Memória (posições preenchidas):
  00000000: 00a00093
  00000004: 01400113
  00000008: 002081b3
  0000000c: 40118233
  00000010: 0021f2b3
  00000014: 0020e333
  00000018: 10000393
  0000001c: 0033a023
  00000020: 0003a403
  00000024: 00300493
  00000028: fff48493
  0000002c: fe049ee3
  00000030: 00000063
  00000100: 0000001e


=== Ciclo 189 ===
Estágios do Pipeline:
  IF: NOP
  ID: NOP
  EX: BNE
  MEM: NOP

Registradores:
  x 0:00000000 x 1:0000000a x 2:00000014 x 3:0000001e x 4:00000014 x 5:00000014 x 6:0000001e x 7:00000100
  x 8:0000001e x 9:00000002 x10:00000000 x11:00000000 x12:00000000 x13:00000000 x14:00000000 x15:00000000
  x16:00000000 x17:00000000 x18:00000000 x19:00000000 x20:00000000 x21:00000000 x22:00000000 x23:00000000
  x24:00000000 x25:00000000 x26:00000000 x27:00000000 x28:00000000 x29:00000000 x30:00000000 x31:00000000

Memória (posições preenchidas):
  00000000: 00a00093
  00000004: 01400113
  00000008: 002081b3
  0000000c: 40118233
  00000010: 0021f2b3
  00000014: 0020e333
  00000018: 10000393
  0000001c: 0033a023
  00000020: 0003a403
  00000024: 00300493
  00000028: fff48493
  0000002c: fe049ee3
  00000030: 00000063
  00000100: 0000001e


=== Ciclo 190 ===
Estágios do Pipeline:
  IF: NOP
  ID: NOP
  EX: NOP
  MEM: BNE

Registradores:
  x 0:00000000 x 1:0000000a x 2:00000014 x 3:0000001e x 4:00000014 x 5:00000014 x 6:0000001e x 7:00000100
  x 8:0000001e x 9:00000002 x10:00000000 x11:00000000 x12:00000000 x13:00000000 x14:00000000 x15:00000000
  x16:00000000 x17:00000000 x18:00000000 x19:00000000 x20:00000000 x21:00000000 x22:00000000 x23:00000000
  x24:00000000 x25:00000000 x26:00000000 x27:00000000 x28:00000000 x29:00000000 x30:00000000 x31:00000000

Memória (posições preenchidas):
  00000000: 00a00093
  00000004: 01400113
  00000008: 002081b3
  0000000c: 40118233
  00000010: 0021f2b3
  00000014: 0020e333
  00000018: 10000393
  0000001c: 0033a023
  00000020: 0003a403
  00000024: 00300493
  00000028: fff48493
  0000002c: fe049ee3
  00000030: 00000063
  00000100: 0000001e


=== Ciclo 191 ===
Estágios do Pipeline:
  IF: NOP
  ID: BNE
  EX: NOP
  MEM: NOP

Registradores:
  x 0:00000000 x 1:0000000a x 2:00000014 x 3:0000001e x 4:00000014 x 5:00000014 x 6:0000001e x 7:00000100
  x 8:0000001e x 9:00000002 x10:00000000 x11:00000000 x12:00000000 x13:00000000 x14:00000000 x15:00000000
  x16:00000000 x17:00000000 x18:00000000 x19:00000000 x20:00000000 x21:00000000 x22:00000000 x23:00000000
  x24:00000000 x25:00000000 x26:00000000 x27:00000000 x28:00000000 x29:00000000 x30:00000000 x31:00000000

Memória (posições preenchidas):
  00000000: 00a00093
  00000004: 01400113
  00000008: 002081b3
  0000000c: 40118233
  00000010: 0021f2b3
  00000014: 0020e333
  00000018: 10000393
  0000001c: 0033a023
  00000020: 0003a403
  00000024: 00300493
  00000028: fff48493
  0000002c: fe049ee3
  00000030: 00000063
  00000100: 0000001e


=== Ciclo 192 ===
Estágios do Pipeline:
  IF: NOP
  ID: NOP
  EX: BNE
  MEM: NOP

Registradores:
  x 0:00000000 x 1:0000000a x 2:00000014 x 3:0000001e x 4:00000014 x 5:00000014 x 6:0000001e x 7:00000100
  x 8:0000001e x 9:00000002 x10:00000000 x11:00000000 x12:00000000 x13:00000000 x14:00000000 x15:00000000
  x16:00000000 x17:00000000 x18:00000000 x19:00000000 x20:00000000 x21:00000000 x22:00000000 x23:00000000
  x24:00000000 x25:00000000 x26:00000000 x27:00000000 x28:00000000 x29:00000000 x30:00000000 x31:00000000

Memória (posições preenchidas):
  00000000: 00a00093
  00000004: 01400113
  00000008: 002081b3
  0000000c: 40118233
  00000010: 0021f2b3
  00000014: 0020e333
  00000018: 10000393
  0000001c: 0033a023
  00000020: 0003a403
  00000024: 00300493
  00000028: fff48493
  0000002c: fe049ee3
  00000030: 00000063
  00000100: 0000001e


=== Ciclo 193 ===
Estágios do Pipeline:
  IF: NOP
  ID: NOP
  EX: NOP
  MEM: BNE

Registradores:
  x 0:00000000 x 1:0000000a x 2:00000014 x 3:0000001e x 4:00000014 x 5:00000014 x 6:0000001e x 7:00000100
  x 8:0000001e x 9:00000002 x10:00000000 x11:00000000 x12:00000000 x13:00000000 x14:00000000 x15:00000000
  x16:00000000 x17:00000000 x18:00000000 x19:00000000 x20:00000000 x21:00000000 x22:00000000 x23:00000000
  x24:00000000 x25:00000000 x26:00000000 x27:00000000 x28:00000000 x29:00000000 x30:00000000 x31:00000000

Memória (posições preenchidas):
  00000000: 00a00093
  00000004: 01400113
  00000008: 002081b3
  0000000c: 40118233
  00000010: 0021f2b3
  00000014: 0020e333
  00000018: 10000393
  0000001c: 0033a023
  00000020: 0003a403
  00000024: 00300493
  00000028: fff48493
  0000002c: fe049ee3
  00000030: 00000063
  00000100: 0000001e


=== Ciclo 194 ===
Estágios do Pipeline:
  IF: NOP
  ID: BNE
  EX: NOP
  MEM: NOP

Registradores:
  x 0:00000000 x 1:0000000a x 2:00000014 x 3:0000001e x 4:00000014 x 5:00000014 x 6:0000001e x 7:00000100
  x 8:0000001e x 9:00000002 x10:00000000 x11:00000000 x12:00000000 x13:00000000 x14:00000000 x15:00000000
  x16:00000000 x17:00000000 x18:00000000 x19:00000000 x20:00000000 x21:00000000 x22:00000000 x23:00000000
  x24:00000000 x25:00000000 x26:00000000 x27:00000000 x28:00000000 x29:00000000 x30:00000000 x31:00000000

Memória (posições preenchidas):
  00000000: 00a00093
  00000004: 01400113
  00000008: 002081b3
  0000000c: 40118233
  00000010: 0021f2b3
  00000014: 0020e333
  00000018: 10000393
  0000001c: 0033a023
  00000020: 0003a403
  00000024: 00300493
  00000028: fff48493
  0000002c: fe049ee3
  00000030: 00000063
  00000100: 0000001e


=== Ciclo 195 ===
Estágios do Pipeline:
  IF: NOP
  ID: NOP
  EX: BNE
  MEM: NOP

Registradores:
  x 0:00000000 x 1:0000000a x 2:00000014 x 3:0000001e x 4:00000014 x 5:00000014 x 6:0000001e x 7:00000100
  x 8:0000001e x 9:00000002 x10:00000000 x11:00000000 x12:00000000 x13:00000000 x14:00000000 x15:00000000
  x16:00000000 x17:00000000 x18:00000000 x19:00000000 x20:00000000 x21:00000000 x22:00000000 x23:00000000
  x24:00000000 x25:00000000 x26:00000000 x27:00000000 x28:00000000 x29:00000000 x30:00000000 x31:00000000

Memória (posições preenchidas):
  00000000: 00a00093
  00000004: 01400113
  00000008: 002081b3
  0000000c: 40118233
  00000010: 0021f2b3
  00000014: 0020e333
  00000018: 10000393
  0000001c: 0033a023
  00000020: 0003a403
  00000024: 00300493
  00000028: fff48493
  0000002c: fe049ee3
  00000030: 00000063
  00000100: 0000001e


=== Ciclo 196 ===
Estágios do Pipeline:
  IF: NOP
  ID: NOP
  EX: NOP
  MEM: BNE

Registradores:
  x 0:00000000 x 1:0000000a x 2:00000014 x 3:0000001e x 4:00000014 x 5:00000014 x 6:0000001e x 7:00000100
  x 8:0000001e x 9:00000002 x10:00000000 x11:00000000 x12:00000000 x13:00000000 x14:00000000 x15:00000000
  x16:00000000 x17:00000000 x18:00000000 x19:00000000 x20:00000000 x21:00000000 x22:00000000 x23:00000000
  x24:00000000 x25:00000000 x26:00000000 x27:00000000 x28:00000000 x29:00000000 x30:00000000 x31:00000000

Memória (posições preenchidas):
  00000000: 00a00093
  00000004: 01400113
  00000008: 002081b3
  0000000c: 40118233
  00000010: 0021f2b3
  00000014: 0020e333
  00000018: 10000393
  0000001c: 0033a023
  00000020: 0003a403
  00000024: 00300493
  00000028: fff48493
  0000002c: fe049ee3
  00000030: 00000063
  00000100: 0000001e


=== Ciclo 197 ===
Estágios do Pipeline:
  IF: NOP
  ID: BNE
  EX: NOP
  MEM: NOP

Registradores:
  x 0:00000000 x 1:0000000a x 2:00000014 x 3:0000001e x 4:00000014 x 5:00000014 x 6:0000001e x 7:00000100
  x 8:0000001e x 9:00000002 x10:00000000 x11:00000000 x12:00000000 x13:00000000 x14:00000000 x15:00000000
  x16:00000000 x17:00000000 x18:00000000 x19:00000000 x20:00000000 x21:00000000 x22:00000000 x23:00000000
  x24:00000000 x25:00000000 x26:00000000 x27:00000000 x28:00000000 x29:00000000 x30:00000000 x31:00000000

Memória (posições preenchidas):
  00000000: 00a00093
  00000004: 01400113
  00000008: 002081b3
  0000000c: 40118233
  00000010: 0021f2b3
  00000014: 0020e333
  00000018: 10000393
  0000001c: 0033a023
  00000020: 0003a403
  00000024: 00300493
  00000028: fff48493
  0000002c: fe049ee3
  00000030: 00000063
  00000100: 0000001e


=== Ciclo 198 ===
Estágios do Pipeline:
  IF: NOP
  ID: NOP
  EX: BNE
  MEM: NOP

Registradores:
  x 0:00000000 x 1:0000000a x 2:00000014 x 3:0000001e x 4:00000014 x 5:00000014 x 6:0000001e x 7:00000100
  x 8:0000001e x 9:00000002 x10:00000000 x11:00000000 x12:00000000 x13:00000000 x14:00000000 x15:00000000
  x16:00000000 x17:00000000 x18:00000000 x19:00000000 x20:00000000 x21:00000000 x22:00000000 x23:00000000
  x24:00000000 x25:00000000 x26:00000000 x27:00000000 x28:00000000 x29:00000000 x30:00000000 x31:00000000

Memória (posições preenchidas):
  00000000: 00a00093
  00000004: 01400113
  00000008: 002081b3
  0000000c: 40118233
  00000010: 0021f2b3
  00000014: 0020e333
  00000018: 10000393
  0000001c: 0033a023
  00000020: 0003a403
  00000024: 00300493
  00000028: fff48493
  0000002c: fe049ee3
  00000030: 00000063
  00000100: 0000001e


=== Ciclo 199 ===
Estágios do Pipeline:
  IF: NOP
  ID: NOP
  EX: NOP
  MEM: BNE

Registradores:
  x 0:00000000 x 1:0000000a x 2:00000014 x 3:0000001e x 4:00000014 x 5:00000014 x 6:0000001e x 7:00000100
  x 8:0000001e x 9:00000002 x10:00000000 x11:00000000 x12:00000000 x13:00000000 x14:00000000 x15:00000000
  x16:00000000 x17:00000000 x18:00000000 x19:00000000 x20:00000000 x21:00000000 x22:00000000 x23:00000000
  x24:00000000 x25:00000000 x26:00000000 x27:00000000 x28:00000000 x29:00000000 x30:00000000 x31:00000000

Memória (posições preenchidas):
  00000000: 00a00093
  00000004: 01400113
  00000008: 002081b3
  0000000c: 40118233
  00000010: 0021f2b3
  00000014: 0020e333
  00000018: 10000393
  0000001c: 0033a023
  00000020: 0003a403
  00000024: 00300493
  00000028: fff48493
  0000002c: fe049ee3
  00000030: 00000063
  00000100: 0000001e


=== Ciclo 200 ===
Estágios do Pipeline:
  IF: NOP
  ID: BNE
  EX: NOP
  MEM: NOP

Registradores:
  x 0:00000000 x 1:0000000a x 2:00000014 x 3:0000001e x 4:00000014 x 5:00000014 x 6:0000001e x 7:00000100
  x 8:0000001e x 9:00000002 x10:00000000 x11:00000000 x12:00000000 x13:00000000 x14:00000000 x15:00000000
  x16:00000000 x17:00000000 x18:00000000 x19:00000000 x20:00000000 x21:00000000 x22:00000000 x23:00000000
  x24:00000000 x25:00000000 x26:00000000 x27:00000000 x28:00000000 x29:00000000 x30:00000000 x31:00000000

Memória (posições preenchidas):
  00000000: 00a00093
  00000004: 01400113
  00000008: 002081b3
  0000000c: 40118233
  00000010: 0021f2b3
  00000014: 0020e333
  00000018: 10000393
  0000001c: 0033a023
  00000020: 0003a403
  00000024: 00300493
  00000028: fff48493
  0000002c: fe049ee3
  00000030: 00000063
  00000100: 0000001e


=== Ciclo 201 ===
Estágios do Pipeline:
  IF: NOP
  ID: NOP
  EX: BNE
  MEM: NOP

Registradores:
  x 0:00000000 x 1:0000000a x 2:00000014 x 3:0000001e x 4:00000014 x 5:00000014 x 6:0000001e x 7:00000100
  x 8:0000001e x 9:00000002 x10:00000000 x11:00000000 x12:00000000 x13:00000000 x14:00000000 x15:00000000
  x16:00000000 x17:00000000 x18:00000000 x19:00000000 x20:00000000 x21:00000000 x22:00000000 x23:00000000
  x24:00000000 x25:00000000 x26:00000000 x27:00000000 x28:00000000 x29:00000000 x30:00000000 x31:00000000

Memória (posições preenchidas):
  00000000: 00a00093
  00000004: 01400113
  00000008: 002081b3
  0000000c: 40118233
  00000010: 0021f2b3
  00000014: 0020e333
  00000018: 10000393
  0000001c: 0033a023
  00000020: 0003a403
  00000024: 00300493
  00000028: fff48493
  0000002c: fe049ee3
  00000030: 00000063
  00000100: 0000001e


=== Ciclo 202 ===
Estágios do Pipeline:
  IF: NOP
  ID: NOP
  EX: NOP
  MEM: BNE

Registradores:
  x 0:00000000 x 1:0000000a x 2:00000014 x 3:0000001e x 4:00000014 x 5:00000014 x 6:0000001e x 7:00000100
  x 8:0000001e x 9:00000002 x10:00000000 x11:00000000 x12:00000000 x13:00000000 x14:00000000 x15:00000000
  x16:00000000 x17:00000000 x18:00000000 x19:00000000 x20:00000000 x21:00000000 x22:00000000 x23:00000000
  x24:00000000 x25:00000000 x26:00000000 x27:00000000 x28:00000000 x29:00000000 x30:00000000 x31:00000000

Memória (posições preenchidas):
  00000000: 00a00093
  00000004: 01400113
  00000008: 002081b3
  0000000c: 40118233
  00000010: 0021f2b3
  00000014: 0020e333
  00000018: 10000393
  0000001c: 0033a023
  00000020: 0003a403
  00000024: 00300493
  00000028: fff48493
  0000002c: fe049ee3
  00000030: 00000063
  00000100: 0000001e


=== Ciclo 203 ===
Estágios do Pipeline:
  IF: NOP
  ID: BNE
  EX: NOP
  MEM: NOP

Registradores:
  x 0:00000000 x 1:0000000a x 2:00000014 x 3:0000001e x 4:00000014 x 5:00000014 x 6:0000001e x 7:00000100
  x 8:0000001e x 9:00000002 x10:00000000 x11:00000000 x12:00000000 x13:00000000 x14:00000000 x15:00000000
  x16:00000000 x17:00000000 x18:00000000 x19:00000000 x20:00000000 x21:00000000 x22:00000000 x23:00000000
  x24:00000000 x25:00000000 x26:00000000 x27:00000000 x28:00000000 x29:00000000 x30:00000000 x31:00000000

Memória (posições preenchidas):
  00000000: 00a00093
  00000004: 01400113
  00000008: 002081b3
  0000000c: 40118233
  00000010: 0021f2b3
  00000014: 0020e333
  00000018: 10000393
  0000001c: 0033a023
  00000020: 0003a403
  00000024: 00300493
  00000028: fff48493
  0000002c: fe049ee3
  00000030: 00000063
  00000100: 0000001e


=== Ciclo 204 ===
Estágios do Pipeline:
  IF: NOP
  ID: NOP
  EX: BNE
  MEM: NOP

Registradores:
  x 0:00000000 x 1:0000000a x 2:00000014 x 3:0000001e x 4:00000014 x 5:00000014 x 6:0000001e x 7:00000100
  x 8:0000001e x 9:00000002 x10:00000000 x11:00000000 x12:00000000 x13:00000000 x14:00000000 x15:00000000
  x16:00000000 x17:00000000 x18:00000000 x19:00000000 x20:00000000 x21:00000000 x22:00000000 x23:00000000
  x24:00000000 x25:00000000 x26:00000000 x27:00000000 x28:00000000 x29:00000000 x30:00000000 x31:00000000

Memória (posições preenchidas):
  00000000: 00a00093
  00000004: 01400113
  00000008: 002081b3
  0000000c: 40118233
  00000010: 0021f2b3
  00000014: 0020e333
  00000018: 10000393
  0000001c: 0033a023
  00000020: 0003a403
  00000024: 00300493
  00000028: fff48493
  0000002c: fe049ee3
  00000030: 00000063
  00000100: 0000001e


=== Ciclo 205 ===
Estágios do Pipeline:
  IF: NOP
  ID: NOP
  EX: NOP
  MEM: BNE

Registradores:
  x 0:00000000 x 1:0000000a x 2:00000014 x 3:0000001e x 4:00000014 x 5:00000014 x 6:0000001e x 7:00000100
  x 8:0000001e x 9:00000002 x10:00000000 x11:00000000 x12:00000000 x13:00000000 x14:00000000 x15:00000000
  x16:00000000 x17:00000000 x18:00000000 x19:00000000 x20:00000000 x21:00000000 x22:00000000 x23:00000000
  x24:00000000 x25:00000000 x26:00000000 x27:00000000 x28:00000000 x29:00000000 x30:00000000 x31:00000000

Memória (posições preenchidas):
  00000000: 00a00093
  00000004: 01400113
  00000008: 002081b3
  0000000c: 40118233
  00000010: 0021f2b3
  00000014: 0020e333
  00000018: 10000393
  0000001c: 0033a023
  00000020: 0003a403
  00000024: 00300493
  00000028: fff48493
  0000002c: fe049ee3
  00000030: 00000063
  00000100: 0000001e


=== Ciclo 206 ===
Estágios do Pipeline:
  IF: NOP
  ID: BNE
  EX: NOP
  MEM: NOP

Registradores:
  x 0:00000000 x 1:0000000a x 2:00000014 x 3:0000001e x 4:00000014 x 5:00000014 x 6:0000001e x 7:00000100
  x 8:0000001e x 9:00000002 x10:00000000 x11:00000000 x12:00000000 x13:00000000 x14:00000000 x15:00000000
  x16:00000000 x17:00000000 x18:00000000 x19:00000000 x20:00000000 x21:00000000 x22:00000000 x23:00000000
  x24:00000000 x25:00000000 x26:00000000 x27:00000000 x28:00000000 x29:00000000 x30:00000000 x31:00000000

Memória (posições preenchidas):
  00000000: 00a00093
  00000004: 01400113
  00000008: 002081b3
  0000000c: 40118233
  00000010: 0021f2b3
  00000014: 0020e333
  00000018: 10000393
  0000001c: 0033a023
  00000020: 0003a403
  00000024: 00300493
  00000028: fff48493
  0000002c: fe049ee3
  00000030: 00000063
  00000100: 0000001e


=== Ciclo 207 ===
Estágios do Pipeline:
  IF: NOP
  ID: NOP
  EX: BNE
  MEM: NOP

Registradores:
  x 0:00000000 x 1:0000000a x 2:00000014 x 3:0000001e x 4:00000014 x 5:00000014 x 6:0000001e x 7:00000100
  x 8:0000001e x 9:00000002 x10:00000000 x11:00000000 x12:00000000 x13:00000000 x14:00000000 x15:00000000
  x16:00000000 x17:00000000 x18:00000000 x19:00000000 x20:00000000 x21:00000000 x22:00000000 x23:00000000
  x24:00000000 x25:00000000 x26:00000000 x27:00000000 x28:00000000 x29:00000000 x30:00000000 x31:00000000

Memória (posições preenchidas):
  00000000: 00a00093
  00000004: 01400113
  00000008: 002081b3
  0000000c: 40118233
  00000010: 0021f2b3
  00000014: 0020e333
  00000018: 10000393
  0000001c: 0033a023
  00000020: 0003a403
  00000024: 00300493
  00000028: fff48493
  0000002c: fe049ee3
  00000030: 00000063
  00000100: 0000001e


=== Ciclo 208 ===
Estágios do Pipeline:
  IF: NOP
  ID: NOP
  EX: NOP
  MEM: BNE

Registradores:
  x 0:00000000 x 1:0000000a x 2:00000014 x 3:0000001e x 4:00000014 x 5:00000014 x 6:0000001e x 7:00000100
  x 8:0000001e x 9:00000002 x10:00000000 x11:00000000 x12:00000000 x13:00000000 x14:00000000 x15:00000000
  x16:00000000 x17:00000000 x18:00000000 x19:00000000 x20:00000000 x21:00000000 x22:00000000 x23:00000000
  x24:00000000 x25:00000000 x26:00000000 x27:00000000 x28:00000000 x29:00000000 x30:00000000 x31:00000000

Memória (posições preenchidas):
  00000000: 00a00093
  00000004: 01400113
  00000008: 002081b3
  0000000c: 40118233
  00000010: 0021f2b3
  00000014: 0020e333
  00000018: 10000393
  0000001c: 0033a023
  00000020: 0003a403
  00000024: 00300493
  00000028: fff48493
  0000002c: fe049ee3
  00000030: 00000063
  00000100: 0000001e


=== Ciclo 209 ===
Estágios do Pipeline:
  IF: NOP
  ID: BNE
  EX: NOP
  MEM: NOP

Registradores:
  x 0:00000000 x 1:0000000a x 2:00000014 x 3:0000001e x 4:00000014 x 5:00000014 x 6:0000001e x 7:00000100
  x 8:0000001e x 9:00000002 x10:00000000 x11:00000000 x12:00000000 x13:00000000 x14:00000000 x15:00000000
  x16:00000000 x17:00000000 x18:00000000 x19:00000000 x20:00000000 x21:00000000 x22:00000000 x23:00000000
  x24:00000000 x25:00000000 x26:00000000 x27:00000000 x28:00000000 x29:00000000 x30:00000000 x31:00000000

Memória (posições preenchidas):
  00000000: 00a00093
  00000004: 01400113
  00000008: 002081b3
  0000000c: 40118233
  00000010: 0021f2b3
  00000014: 0020e333
  00000018: 10000393
  0000001c: 0033a023
  00000020: 0003a403
  00000024: 00300493
  00000028: fff48493
  0000002c: fe049ee3
  00000030: 00000063
  00000100: 0000001e


=== Ciclo 210 ===
Estágios do Pipeline:
  IF: NOP
  ID: NOP
  EX: BNE
  MEM: NOP

Registradores:
  x 0:00000000 x 1:0000000a x 2:00000014 x 3:0000001e x 4:00000014 x 5:00000014 x 6:0000001e x 7:00000100
  x 8:0000001e x 9:00000002 x10:00000000 x11:00000000 x12:00000000 x13:00000000 x14:00000000 x15:00000000
  x16:00000000 x17:00000000 x18:00000000 x19:00000000 x20:00000000 x21:00000000 x22:00000000 x23:00000000
  x24:00000000 x25:00000000 x26:00000000 x27:00000000 x28:00000000 x29:00000000 x30:00000000 x31:00000000

Memória (posições preenchidas):
  00000000: 00a00093
  00000004: 01400113
  00000008: 002081b3
  0000000c: 40118233
  00000010: 0021f2b3
  00000014: 0020e333
  00000018: 10000393
  0000001c: 0033a023
  00000020: 0003a403
  00000024: 00300493
  00000028: fff48493
  0000002c: fe049ee3
  00000030: 00000063
  00000100: 0000001e


=== Ciclo 211 ===
Estágios do Pipeline:
  IF: NOP
  ID: NOP
  EX: NOP
  MEM: BNE

Registradores:
  x 0:00000000 x 1:0000000a x 2:00000014 x 3:0000001e x 4:00000014 x 5:00000014 x 6:0000001e x 7:00000100
  x 8:0000001e x 9:00000002 x10:00000000 x11:00000000 x12:00000000 x13:00000000 x14:00000000 x15:00000000
  x16:00000000 x17:00000000 x18:00000000 x19:00000000 x20:00000000 x21:00000000 x22:00000000 x23:00000000
  x24:00000000 x25:00000000 x26:00000000 x27:00000000 x28:00000000 x29:00000000 x30:00000000 x31:00000000

Memória (posições preenchidas):
  00000000: 00a00093
  00000004: 01400113
  00000008: 002081b3
  0000000c: 40118233
  00000010: 0021f2b3
  00000014: 0020e333
  00000018: 10000393
  0000001c: 0033a023
  00000020: 0003a403
  00000024: 00300493
  00000028: fff48493
  0000002c: fe049ee3
  00000030: 00000063
  00000100: 0000001e


=== Ciclo 212 ===
Estágios do Pipeline:
  IF: NOP
  ID: BNE
  EX: NOP
  MEM: NOP

Registradores:
  x 0:00000000 x 1:0000000a x 2:00000014 x 3:0000001e x 4:00000014 x 5:00000014 x 6:0000001e x 7:00000100
  x 8:0000001e x 9:00000002 x10:00000000 x11:00000000 x12:00000000 x13:00000000 x14:00000000 x15:00000000
  x16:00000000 x17:00000000 x18:00000000 x19:00000000 x20:00000000 x21:00000000 x22:00000000 x23:00000000
  x24:00000000 x25:00000000 x26:00000000 x27:00000000 x28:00000000 x29:00000000 x30:00000000 x31:00000000

Memória (posições preenchidas):
  00000000: 00a00093
  00000004: 01400113
  00000008: 002081b3
  0000000c: 40118233
  00000010: 0021f2b3
  00000014: 0020e333
  00000018: 10000393
  0000001c: 0033a023
  00000020: 0003a403
  00000024: 00300493
  00000028: fff48493
  0000002c: fe049ee3
  00000030: 00000063
  00000100: 0000001e


=== Ciclo 213 ===
Estágios do Pipeline:
  IF: NOP
  ID: NOP
  EX: BNE
  MEM: NOP

Registradores:
  x 0:00000000 x 1:0000000a x 2:00000014 x 3:0000001e x 4:00000014 x 5:00000014 x 6:0000001e x 7:00000100
  x 8:0000001e x 9:00000002 x10:00000000 x11:00000000 x12:00000000 x13:00000000 x14:00000000 x15:00000000
  x16:00000000 x17:00000000 x18:00000000 x19:00000000 x20:00000000 x21:00000000 x22:00000000 x23:00000000
  x24:00000000 x25:00000000 x26:00000000 x27:00000000 x28:00000000 x29:00000000 x30:00000000 x31:00000000

Memória (posições preenchidas):
  00000000: 00a00093
  00000004: 01400113
  00000008: 002081b3
  0000000c: 40118233
  00000010: 0021f2b3
  00000014: 0020e333
  00000018: 10000393
  0000001c: 0033a023
  00000020: 0003a403
  00000024: 00300493
  00000028: fff48493
  0000002c: fe049ee3
  00000030: 00000063
  00000100: 0000001e


=== Ciclo 214 ===
Estágios do Pipeline:
  IF: NOP
  ID: NOP
  EX: NOP
  MEM: BNE

Registradores:
  x 0:00000000 x 1:0000000a x 2:00000014 x 3:0000001e x 4:00000014 x 5:00000014 x 6:0000001e x 7:00000100
  x 8:0000001e x 9:00000002 x10:00000000 x11:00000000 x12:00000000 x13:00000000 x14:00000000 x15:00000000
  x16:00000000 x17:00000000 x18:00000000 x19:00000000 x20:00000000 x21:00000000 x22:00000000 x23:00000000
  x24:00000000 x25:00000000 x26:00000000 x27:00000000 x28:00000000 x29:00000000 x30:00000000 x31:00000000

Memória (posições preenchidas):
  00000000: 00a00093
  00000004: 01400113
  00000008: 002081b3
  0000000c: 40118233
  00000010: 0021f2b3
  00000014: 0020e333
  00000018: 10000393
  0000001c: 0033a023
  00000020: 0003a403
  00000024: 00300493
  00000028: fff48493
  0000002c: fe049ee3
  00000030: 00000063
  00000100: 0000001e


=== Ciclo 215 ===
Estágios do Pipeline:
  IF: NOP
  ID: BNE
  EX: NOP
  MEM: NOP

Registradores:
  x 0:00000000 x 1:0000000a x 2:00000014 x 3:0000001e x 4:00000014 x 5:00000014 x 6:0000001e x 7:00000100
  x 8:0000001e x 9:00000002 x10:00000000 x11:00000000 x12:00000000 x13:00000000 x14:00000000 x15:00000000
  x16:00000000 x17:00000000 x18:00000000 x19:00000000 x20:00000000 x21:00000000 x22:00000000 x23:00000000
  x24:00000000 x25:00000000 x26:00000000 x27:00000000 x28:00000000 x29:00000000 x30:00000000 x31:00000000

Memória (posições preenchidas):
  00000000: 00a00093
  00000004: 01400113
  00000008: 002081b3
  0000000c: 40118233
  00000010: 0021f2b3
  00000014: 0020e333
  00000018: 10000393
  0000001c: 0033a023
  00000020: 0003a403
  00000024: 00300493
  00000028: fff48493
  0000002c: fe049ee3
  00000030: 00000063
  00000100: 0000001e


=== Ciclo 216 ===
Estágios do Pipeline:
  IF: NOP
  ID: NOP
  EX: BNE
  MEM: NOP

Registradores:
  x 0:00000000 x 1:0000000a x 2:00000014 x 3:0000001e x 4:00000014 x 5:00000014 x 6:0000001e x 7:00000100
  x 8:0000001e x 9:00000002 x10:00000000 x11:00000000 x12:00000000 x13:00000000 x14:00000000 x15:00000000
  x16:00000000 x17:00000000 x18:00000000 x19:00000000 x20:00000000 x21:00000000 x22:00000000 x23:00000000
  x24:00000000 x25:00000000 x26:00000000 x27:00000000 x28:00000000 x29:00000000 x30:00000000 x31:00000000

Memória (posições preenchidas):
  00000000: 00a00093
  00000004: 01400113
  00000008: 002081b3
  0000000c: 40118233
  00000010: 0021f2b3
  00000014: 0020e333
  00000018: 10000393
  0000001c: 0033a023
  00000020: 0003a403
  00000024: 00300493
  00000028: fff48493
  0000002c: fe049ee3
  00000030: 00000063
  00000100: 0000001e


=== Ciclo 217 ===
Estágios do Pipeline:
  IF: NOP
  ID: NOP
  EX: NOP
  MEM: BNE

Registradores:
  x 0:00000000 x 1:0000000a x 2:00000014 x 3:0000001e x 4:00000014 x 5:00000014 x 6:0000001e x 7:00000100
  x 8:0000001e x 9:00000002 x10:00000000 x11:00000000 x12:00000000 x13:00000000 x14:00000000 x15:00000000
  x16:00000000 x17:00000000 x18:00000000 x19:00000000 x20:00000000 x21:00000000 x22:00000000 x23:00000000
  x24:00000000 x25:00000000 x26:00000000 x27:00000000 x28:00000000 x29:00000000 x30:00000000 x31:00000000

Memória (posições preenchidas):
  00000000: 00a00093
  00000004: 01400113
  00000008: 002081b3
  0000000c: 40118233
  00000010: 0021f2b3
  00000014: 0020e333
  00000018: 10000393
  0000001c: 0033a023
  00000020: 0003a403
  00000024: 00300493
  00000028: fff48493
  0000002c: fe049ee3
  00000030: 00000063
  00000100: 0000001e


=== Ciclo 218 ===
Estágios do Pipeline:
  IF: NOP
  ID: BNE
  EX: NOP
  MEM: NOP

Registradores:
  x 0:00000000 x 1:0000000a x 2:00000014 x 3:0000001e x 4:00000014 x 5:00000014 x 6:0000001e x 7:00000100
  x 8:0000001e x 9:00000002 x10:00000000 x11:00000000 x12:00000000 x13:00000000 x14:00000000 x15:00000000
  x16:00000000 x17:00000000 x18:00000000 x19:00000000 x20:00000000 x21:00000000 x22:00000000 x23:00000000
  x24:00000000 x25:00000000 x26:00000000 x27:00000000 x28:00000000 x29:00000000 x30:00000000 x31:00000000

Memória (posições preenchidas):
  00000000: 00a00093
  00000004: 01400113
  00000008: 002081b3
  0000000c: 40118233
  00000010: 0021f2b3
  00000014: 0020e333
  00000018: 10000393
  0000001c: 0033a023
  00000020: 0003a403
  00000024: 00300493
  00000028: fff48493
  0000002c: fe049ee3
  00000030: 00000063
  00000100: 0000001e


=== Ciclo 219 ===
Estágios do Pipeline:
  IF: NOP
  ID: NOP
  EX: BNE
  MEM: NOP

Registradores:
  x 0:00000000 x 1:0000000a x 2:00000014 x 3:0000001e x 4:00000014 x 5:00000014 x 6:0000001e x 7:00000100
  x 8:0000001e x 9:00000002 x10:00000000 x11:00000000 x12:00000000 x13:00000000 x14:00000000 x15:00000000
  x16:00000000 x17:00000000 x18:00000000 x19:00000000 x20:00000000 x21:00000000 x22:00000000 x23:00000000
  x24:00000000 x25:00000000 x26:00000000 x27:00000000 x28:00000000 x29:00000000 x30:00000000 x31:00000000

Memória (posições preenchidas):
  00000000: 00a00093
  00000004: 01400113
  00000008: 002081b3
  0000000c: 40118233
  00000010: 0021f2b3
  00000014: 0020e333
  00000018: 10000393
  0000001c: 0033a023
  00000020: 0003a403
  00000024: 00300493
  00000028: fff48493
  0000002c: fe049ee3
  00000030: 00000063
  00000100: 0000001e


=== Ciclo 220 ===
Estágios do Pipeline:
  IF: NOP
  ID: NOP
  EX: NOP
  MEM: BNE

Registradores:
  x 0:00000000 x 1:0000000a x 2:00000014 x 3:0000001e x 4:00000014 x 5:00000014 x 6:0000001e x 7:00000100
  x 8:0000001e x 9:00000002 x10:00000000 x11:00000000 x12:00000000 x13:00000000 x14:00000000 x15:00000000
  x16:00000000 x17:00000000 x18:00000000 x19:00000000 x20:00000000 x21:00000000 x22:00000000 x23:00000000
  x24:00000000 x25:00000000 x26:00000000 x27:00000000 x28:00000000 x29:00000000 x30:00000000 x31:00000000

Memória (posições preenchidas):
  00000000: 00a00093
  00000004: 01400113
  00000008: 002081b3
  0000000c: 40118233
  00000010: 0021f2b3
  00000014: 0020e333
  00000018: 10000393
  0000001c: 0033a023
  00000020: 0003a403
  00000024: 00300493
  00000028: fff48493
  0000002c: fe049ee3
  00000030: 00000063
  00000100: 0000001e


=== Ciclo 221 ===
Estágios do Pipeline:
  IF: NOP
  ID: BNE
  EX: NOP
  MEM: NOP

Registradores:
  x 0:00000000 x 1:0000000a x 2:00000014 x 3:0000001e x 4:00000014 x 5:00000014 x 6:0000001e x 7:00000100
  x 8:0000001e x 9:00000002 x10:00000000 x11:00000000 x12:00000000 x13:00000000 x14:00000000 x15:00000000
  x16:00000000 x17:00000000 x18:00000000 x19:00000000 x20:00000000 x21:00000000 x22:00000000 x23:00000000
  x24:00000000 x25:00000000 x26:00000000 x27:00000000 x28:00000000 x29:00000000 x30:00000000 x31:00000000

Memória (posições preenchidas):
  00000000: 00a00093
  00000004: 01400113
  00000008: 002081b3
  0000000c: 40118233
  00000010: 0021f2b3
  00000014: 0020e333
  00000018: 10000393
  0000001c: 0033a023
  00000020: 0003a403
  00000024: 00300493
  00000028: fff48493
  0000002c: fe049ee3
  00000030: 00000063
  00000100: 0000001e


=== Ciclo 222 ===
Estágios do Pipeline:
  IF: NOP
  ID: NOP
  EX: BNE
  MEM: NOP

Registradores:
  x 0:00000000 x 1:0000000a x 2:00000014 x 3:0000001e x 4:00000014 x 5:00000014 x 6:0000001e x 7:00000100
  x 8:0000001e x 9:00000002 x10:00000000 x11:00000000 x12:00000000 x13:00000000 x14:00000000 x15:00000000
  x16:00000000 x17:00000000 x18:00000000 x19:00000000 x20:00000000 x21:00000000 x22:00000000 x23:00000000
  x24:00000000 x25:00000000 x26:00000000 x27:00000000 x28:00000000 x29:00000000 x30:00000000 x31:00000000

Memória (posições preenchidas):
  00000000: 00a00093
  00000004: 01400113
  00000008: 002081b3
  0000000c: 40118233
  00000010: 0021f2b3
  00000014: 0020e333
  00000018: 10000393
  0000001c: 0033a023
  00000020: 0003a403
  00000024: 00300493
  00000028: fff48493
  0000002c: fe049ee3
  00000030: 00000063
  00000100: 0000001e


=== Ciclo 223 ===
Estágios do Pipeline:
  IF: NOP
  ID: NOP
  EX: NOP
  MEM: BNE

Registradores:
  x 0:00000000 x 1:0000000a x 2:00000014 x 3:0000001e x 4:00000014 x 5:00000014 x 6:0000001e x 7:00000100
